====================================================================================================
MTL-TLV A-H COMPLETE TRAINING LOG
====================================================================================================
Run start time       : 2026-09-08T15:45:52+08:00
Operating system     : Windows-10-10.0.26200-SP0
Python               : 3.9.25
PyTorch              : 2.1.1+cu118
CUDA runtime         : 11.8
cuDNN                : 8700
Device               : cuda:0
GPU                  : NVIDIA GeForce RTX 4090 D
GPU memory           : 23.99 GiB
----------------------------------------------------------------------------------------------------
CUBLAS_WORKSPACE_CONFIG: :4096:8
cudnn.deterministic  : True
cudnn.benchmark      : False
CUDA matmul TF32     : False
cuDNN TF32           : False
deterministic algorithms: True
====================================================================================================
Starting SMAC hyperparameter optimization
========================================================================================
SMAC trial 1/10 | LR=0.01 | WD=1e-06 | loss_weight=0.1
  Epoch 001/100 | Val Loss=15664.7393 | Acc=36.59% | Precision=36.59% | Recall=100.00% | MAE=61803.8692
  Epoch 002/100 | Val Loss=12.3656 | Acc=70.04% | Precision=55.24% | Recall=95.59% | MAE=149.3041
  Epoch 003/100 | Val Loss=2.9448 | Acc=75.43% | Precision=60.21% | Recall=96.81% | MAE=25.8756
  Epoch 004/100 | Val Loss=2.0228 | Acc=81.26% | Precision=68.46% | Recall=90.44% | MAE=22.3480
  Epoch 005/100 | Val Loss=1.7990 | Acc=80.18% | Precision=72.75% | Recall=73.28% | MAE=15.0706
  Epoch 006/100 | Val Loss=2.0265 | Acc=70.22% | Precision=92.22% | Recall=20.34% | MAE=17.4369
  Epoch 007/100 | Val Loss=1.4089 | Acc=82.60% | Precision=83.65% | Recall=65.20% | MAE=12.3864
  Epoch 008/100 | Val Loss=1.8409 | Acc=85.29% | Precision=81.28% | Recall=77.70% | MAE=21.3721
  Epoch 009/100 | Val Loss=1.8522 | Acc=78.21% | Precision=95.08% | Recall=42.65% | MAE=16.1269
  Epoch 010/100 | Val Loss=1.8340 | Acc=87.00% | Precision=77.80% | Recall=90.20% | MAE=22.7213
  Epoch 011/100 | Val Loss=1.7594 | Acc=88.07% | Precision=90.32% | Recall=75.49% | MAE=20.8159
  Epoch 012/100 | Val Loss=1.1309 | Acc=88.88% | Precision=89.89% | Recall=78.43% | MAE=11.8518
  Epoch 013/100 | Val Loss=1.2103 | Acc=86.91% | Precision=90.18% | Recall=72.06% | MAE=12.1270
  Epoch 014/100 | Val Loss=1.6925 | Acc=91.21% | Precision=84.14% | Recall=93.63% | MAE=21.4358
  Epoch 015/100 | Val Loss=1.0473 | Acc=91.66% | Precision=85.88% | Recall=92.40% | MAE=11.3471
  Epoch 016/100 | Val Loss=0.9265 | Acc=93.00% | Precision=91.88% | Recall=88.73% | MAE=10.4079
  Epoch 017/100 | Val Loss=0.8881 | Acc=91.75% | Precision=83.33% | Recall=96.81% | MAE=9.6012
  Epoch 018/100 | Val Loss=1.0664 | Acc=93.00% | Precision=96.35% | Recall=84.07% | MAE=11.4227
  Epoch 019/100 | Val Loss=1.0818 | Acc=91.66% | Precision=95.92% | Recall=80.64% | MAE=11.7833
  Epoch 020/100 | Val Loss=1.0924 | Acc=93.45% | Precision=88.68% | Recall=94.12% | MAE=11.6893
  Epoch 021/100 | Val Loss=1.1635 | Acc=91.57% | Precision=96.73% | Recall=79.66% | MAE=11.8850
  Epoch 022/100 | Val Loss=1.0878 | Acc=93.99% | Precision=95.96% | Recall=87.25% | MAE=13.5507
  Epoch 023/100 | Val Loss=1.0227 | Acc=92.65% | Precision=85.43% | Recall=96.32% | MAE=11.3698
  Epoch 024/100 | Val Loss=0.9280 | Acc=94.62% | Precision=93.72% | Recall=91.42% | MAE=11.1035
  Epoch 025/100 | Val Loss=1.0002 | Acc=94.44% | Precision=95.29% | Recall=89.22% | MAE=12.2033
  Epoch 026/100 | Val Loss=1.7740 | Acc=95.25% | Precision=95.17% | Recall=91.67% | MAE=23.4273
  Epoch 027/100 | Val Loss=0.8485 | Acc=95.70% | Precision=96.15% | Recall=91.91% | MAE=9.9438
  Epoch 028/100 | Val Loss=0.9195 | Acc=95.34% | Precision=93.84% | Recall=93.38% | MAE=11.2261
  Epoch 029/100 | Val Loss=0.8120 | Acc=95.16% | Precision=97.84% | Recall=88.73% | MAE=8.5608
  Epoch 030/100 | Val Loss=0.8561 | Acc=93.09% | Precision=97.69% | Recall=83.09% | MAE=7.1691
  Epoch 031/100 | Val Loss=0.6756 | Acc=96.59% | Precision=94.90% | Recall=95.83% | MAE=7.2857
  Epoch 032/100 | Val Loss=1.7744 | Acc=95.87% | Precision=93.51% | Recall=95.34% | MAE=24.0511
  Epoch 033/100 | Val Loss=1.3932 | Acc=96.23% | Precision=95.07% | Recall=94.61% | MAE=17.9885
  Epoch 034/100 | Val Loss=0.8342 | Acc=95.78% | Precision=94.79% | Recall=93.63% | MAE=10.0668
  Epoch 035/100 | Val Loss=0.8499 | Acc=96.14% | Precision=98.15% | Recall=91.18% | MAE=8.8549
  Epoch 036/100 | Val Loss=0.7203 | Acc=96.32% | Precision=94.87% | Recall=95.10% | MAE=7.8631
  Epoch 037/100 | Val Loss=0.9886 | Acc=96.14% | Precision=93.76% | Recall=95.83% | MAE=12.2049
  Epoch 038/100 | Val Loss=0.7427 | Acc=96.59% | Precision=98.18% | Recall=92.40% | MAE=8.1544
  Epoch 039/100 | Val Loss=0.9693 | Acc=97.13% | Precision=95.63% | Recall=96.57% | MAE=11.8097
  Epoch 040/100 | Val Loss=0.6464 | Acc=96.68% | Precision=96.49% | Recall=94.36% | MAE=7.4915
  Epoch 041/100 | Val Loss=0.7654 | Acc=95.96% | Precision=97.39% | Recall=91.42% | MAE=7.8551
  Epoch 042/100 | Val Loss=1.3176 | Acc=97.13% | Precision=96.31% | Recall=95.83% | MAE=16.4091
  Epoch 043/100 | Val Loss=0.8181 | Acc=97.13% | Precision=95.63% | Recall=96.57% | MAE=7.1598
  Epoch 044/100 | Val Loss=0.7727 | Acc=96.32% | Precision=95.09% | Recall=94.85% | MAE=7.2875
  Epoch 045/100 | Val Loss=0.8978 | Acc=96.32% | Precision=96.22% | Recall=93.63% | MAE=9.5203
  Epoch 046/100 | Val Loss=1.2468 | Acc=96.68% | Precision=93.85% | Recall=97.30% | MAE=14.4365
  Epoch 047/100 | Val Loss=0.7499 | Acc=97.31% | Precision=97.25% | Recall=95.34% | MAE=8.0459
  Epoch 048/100 | Val Loss=0.8173 | Acc=96.68% | Precision=97.20% | Recall=93.63% | MAE=8.9633
  Epoch 049/100 | Val Loss=0.7530 | Acc=97.31% | Precision=97.73% | Recall=94.85% | MAE=8.3920
  Epoch 050/100 | Val Loss=0.7523 | Acc=96.05% | Precision=92.13% | Recall=97.55% | MAE=8.0050
  Epoch 051/100 | Val Loss=1.9970 | Acc=96.95% | Precision=97.95% | Recall=93.63% | MAE=25.5400
  Epoch 052/100 | Val Loss=0.6908 | Acc=96.68% | Precision=94.06% | Recall=97.06% | MAE=6.6077
  Epoch 053/100 | Val Loss=0.7584 | Acc=96.05% | Precision=97.64% | Recall=91.42% | MAE=6.6400
  Epoch 054/100 | Val Loss=1.1616 | Acc=97.22% | Precision=98.46% | Recall=93.87% | MAE=13.1675
  Epoch 055/100 | Val Loss=0.7829 | Acc=97.22% | Precision=96.77% | Recall=95.59% | MAE=7.4382
  Epoch 056/100 | Val Loss=1.2875 | Acc=96.95% | Precision=97.95% | Recall=93.63% | MAE=15.8983
  Epoch 057/100 | Val Loss=0.7134 | Acc=97.04% | Precision=98.20% | Recall=93.63% | MAE=6.6054
  Epoch 058/100 | Val Loss=0.7486 | Acc=96.68% | Precision=94.27% | Recall=96.81% | MAE=6.8794
  Epoch 059/100 | Val Loss=0.7265 | Acc=96.68% | Precision=93.85% | Recall=97.30% | MAE=6.9568
  Epoch 060/100 | Val Loss=0.7819 | Acc=97.49% | Precision=96.57% | Recall=96.57% | MAE=7.3065
  Epoch 061/100 | Val Loss=0.7151 | Acc=97.04% | Precision=96.30% | Recall=95.59% | MAE=6.1488
  Epoch 062/100 | Val Loss=0.7925 | Acc=96.59% | Precision=96.02% | Recall=94.61% | MAE=8.7577
  Epoch 063/100 | Val Loss=0.8639 | Acc=97.76% | Precision=96.82% | Recall=97.06% | MAE=9.7049
  Epoch 064/100 | Val Loss=0.7024 | Acc=97.49% | Precision=97.50% | Recall=95.59% | MAE=5.6103
  Epoch 065/100 | Val Loss=0.7680 | Acc=97.76% | Precision=97.28% | Recall=96.57% | MAE=7.4954
  Epoch 066/100 | Val Loss=1.1859 | Acc=93.90% | Precision=87.12% | Recall=97.79% | MAE=11.8906
  Epoch 067/100 | Val Loss=1.0361 | Acc=97.31% | Precision=97.01% | Recall=95.59% | MAE=10.1641
  Epoch 068/100 | Val Loss=0.8285 | Acc=96.95% | Precision=96.98% | Recall=94.61% | MAE=7.0757
  Epoch 069/100 | Val Loss=0.7620 | Acc=97.67% | Precision=97.28% | Recall=96.32% | MAE=6.6858
  Epoch 070/100 | Val Loss=1.2164 | Acc=96.59% | Precision=95.57% | Recall=95.10% | MAE=12.8093
  Epoch 071/100 | Val Loss=1.0136 | Acc=97.22% | Precision=98.71% | Recall=93.63% | MAE=10.4387
  Epoch 072/100 | Val Loss=0.9277 | Acc=96.68% | Precision=93.65% | Recall=97.55% | MAE=9.5193
  Epoch 073/100 | Val Loss=0.6524 | Acc=95.43% | Precision=90.85% | Recall=97.30% | MAE=7.0735
  Epoch 074/100 | Val Loss=0.9737 | Acc=97.76% | Precision=97.05% | Recall=96.81% | MAE=10.1521
  Epoch 075/100 | Val Loss=1.0298 | Acc=96.14% | Precision=98.41% | Recall=90.93% | MAE=9.2658
  Epoch 076/100 | Val Loss=0.6902 | Acc=95.87% | Precision=92.09% | Recall=97.06% | MAE=5.4658
  Epoch 077/100 | Val Loss=0.5524 | Acc=96.23% | Precision=92.56% | Recall=97.55% | MAE=5.3675
  Epoch 078/100 | Val Loss=0.8848 | Acc=95.61% | Precision=92.04% | Recall=96.32% | MAE=8.0164
  Epoch 079/100 | Val Loss=0.7478 | Acc=97.22% | Precision=98.21% | Recall=94.12% | MAE=5.6935
  Epoch 080/100 | Val Loss=1.0088 | Acc=97.49% | Precision=96.34% | Recall=96.81% | MAE=9.8314
  Epoch 081/100 | Val Loss=0.8087 | Acc=97.04% | Precision=94.75% | Recall=97.30% | MAE=6.7492
  Epoch 082/100 | Val Loss=1.0145 | Acc=93.54% | Precision=98.55% | Recall=83.58% | MAE=6.2047
  Epoch 083/100 | Val Loss=0.8215 | Acc=96.32% | Precision=97.17% | Recall=92.65% | MAE=6.4522
  Epoch 084/100 | Val Loss=0.7372 | Acc=97.49% | Precision=96.80% | Recall=96.32% | MAE=6.6780
  Epoch 085/100 | Val Loss=0.6484 | Acc=96.77% | Precision=95.81% | Recall=95.34% | MAE=5.2045
  Epoch 086/100 | Val Loss=0.9999 | Acc=97.13% | Precision=97.72% | Recall=94.36% | MAE=10.5110
  Epoch 087/100 | Val Loss=1.2492 | Acc=97.49% | Precision=97.98% | Recall=95.10% | MAE=11.5242
  Epoch 088/100 | Val Loss=0.7212 | Acc=97.04% | Precision=96.76% | Recall=95.10% | MAE=7.4403
  Epoch 089/100 | Val Loss=0.7203 | Acc=96.95% | Precision=94.74% | Recall=97.06% | MAE=7.5891
  Epoch 090/100 | Val Loss=0.6454 | Acc=97.40% | Precision=96.56% | Recall=96.32% | MAE=5.3216
  Epoch 091/100 | Val Loss=0.6645 | Acc=97.04% | Precision=96.07% | Recall=95.83% | MAE=5.6600
  Epoch 092/100 | Val Loss=0.7659 | Acc=96.50% | Precision=98.68% | Recall=91.67% | MAE=5.6459
  Epoch 093/100 | Val Loss=0.7044 | Acc=96.41% | Precision=94.23% | Recall=96.08% | MAE=6.7661
  Epoch 094/100 | Val Loss=0.5307 | Acc=97.40% | Precision=97.26% | Recall=95.59% | MAE=4.4361
  Epoch 095/100 | Val Loss=0.5450 | Acc=97.04% | Precision=94.75% | Recall=97.30% | MAE=4.6557
  Epoch 096/100 | Val Loss=0.8142 | Acc=95.78% | Precision=98.92% | Recall=89.46% | MAE=6.1851
  Epoch 097/100 | Val Loss=0.6563 | Acc=97.13% | Precision=97.00% | Recall=95.10% | MAE=6.3283
  Epoch 098/100 | Val Loss=0.7385 | Acc=96.77% | Precision=96.73% | Recall=94.36% | MAE=7.6040
  Epoch 099/100 | Val Loss=0.9061 | Acc=96.32% | Precision=93.38% | Recall=96.81% | MAE=10.9972
  Epoch 100/100 | Val Loss=0.6556 | Acc=96.59% | Precision=95.12% | Recall=95.59% | MAE=5.7284
SMAC trial 2/10 | LR=1e-05 | WD=0.0001 | loss_weight=1
  Epoch 001/100 | Val Loss=99.3022 | Acc=36.59% | Precision=36.59% | Recall=100.00% | MAE=147.0668
  Epoch 002/100 | Val Loss=97.1178 | Acc=54.80% | Precision=44.70% | Recall=99.26% | MAE=143.9534
  Epoch 003/100 | Val Loss=92.2698 | Acc=88.25% | Precision=78.32% | Recall=93.87% | MAE=137.1753
  Epoch 004/100 | Val Loss=84.4234 | Acc=92.02% | Precision=88.25% | Recall=90.20% | MAE=125.7398
  Epoch 005/100 | Val Loss=72.1819 | Acc=92.47% | Precision=90.30% | Recall=88.97% | MAE=107.3209
  Epoch 006/100 | Val Loss=53.8626 | Acc=93.81% | Precision=91.85% | Recall=91.18% | MAE=79.7778
  Epoch 007/100 | Val Loss=29.0696 | Acc=92.83% | Precision=86.94% | Recall=94.61% | MAE=43.7156
  Epoch 008/100 | Val Loss=17.2001 | Acc=94.26% | Precision=91.95% | Recall=92.40% | MAE=24.3982
  Epoch 009/100 | Val Loss=17.9164 | Acc=94.71% | Precision=91.65% | Recall=94.12% | MAE=25.8372
  Epoch 010/100 | Val Loss=12.3332 | Acc=93.81% | Precision=90.84% | Recall=92.40% | MAE=17.0411
  Epoch 011/100 | Val Loss=9.5905 | Acc=94.17% | Precision=90.93% | Recall=93.38% | MAE=13.1685
  Epoch 012/100 | Val Loss=7.9562 | Acc=93.99% | Precision=91.48% | Recall=92.16% | MAE=10.5350
  Epoch 013/100 | Val Loss=8.0959 | Acc=93.54% | Precision=92.21% | Recall=89.95% | MAE=10.7084
  Epoch 014/100 | Val Loss=6.6754 | Acc=93.63% | Precision=92.44% | Recall=89.95% | MAE=8.6597
  Epoch 015/100 | Val Loss=5.9451 | Acc=92.74% | Precision=87.76% | Recall=93.14% | MAE=7.3846
  Epoch 016/100 | Val Loss=5.7863 | Acc=93.45% | Precision=92.19% | Recall=89.71% | MAE=7.2824
  Epoch 017/100 | Val Loss=6.0584 | Acc=93.36% | Precision=91.13% | Recall=90.69% | MAE=7.9276
  Epoch 018/100 | Val Loss=5.2834 | Acc=93.36% | Precision=88.84% | Recall=93.63% | MAE=6.5833
  Epoch 019/100 | Val Loss=4.9182 | Acc=93.09% | Precision=91.27% | Recall=89.71% | MAE=6.1569
  Epoch 020/100 | Val Loss=4.5485 | Acc=93.00% | Precision=91.67% | Recall=88.97% | MAE=5.6710
  Epoch 021/100 | Val Loss=4.4267 | Acc=93.81% | Precision=91.24% | Recall=91.91% | MAE=5.5989
  Epoch 022/100 | Val Loss=4.8792 | Acc=93.18% | Precision=91.29% | Recall=89.95% | MAE=6.2261
  Epoch 023/100 | Val Loss=5.2926 | Acc=92.83% | Precision=91.62% | Recall=88.48% | MAE=7.0214
  Epoch 024/100 | Val Loss=4.2621 | Acc=93.27% | Precision=89.36% | Recall=92.65% | MAE=5.2960
  Epoch 025/100 | Val Loss=5.8775 | Acc=93.54% | Precision=91.79% | Recall=90.44% | MAE=7.8945
  Epoch 026/100 | Val Loss=4.7962 | Acc=92.83% | Precision=92.05% | Recall=87.99% | MAE=6.0958
  Epoch 027/100 | Val Loss=4.6765 | Acc=93.09% | Precision=92.11% | Recall=88.73% | MAE=6.0298
  Epoch 028/100 | Val Loss=3.7250 | Acc=93.27% | Precision=90.91% | Recall=90.69% | MAE=4.7921
  Epoch 029/100 | Val Loss=3.9485 | Acc=93.27% | Precision=92.58% | Recall=88.73% | MAE=5.1233
  Epoch 030/100 | Val Loss=3.5579 | Acc=93.18% | Precision=91.50% | Recall=89.71% | MAE=4.5129
  Epoch 031/100 | Val Loss=3.4771 | Acc=93.27% | Precision=91.73% | Recall=89.71% | MAE=4.5365
  Epoch 032/100 | Val Loss=3.4960 | Acc=93.09% | Precision=91.90% | Recall=88.97% | MAE=4.4499
  Epoch 033/100 | Val Loss=3.8552 | Acc=93.45% | Precision=93.73% | Recall=87.99% | MAE=5.0472
  Epoch 034/100 | Val Loss=3.8101 | Acc=93.45% | Precision=91.56% | Recall=90.44% | MAE=5.0315
  Epoch 035/100 | Val Loss=3.7419 | Acc=93.27% | Precision=91.11% | Recall=90.44% | MAE=4.8807
  Epoch 036/100 | Val Loss=3.2770 | Acc=93.18% | Precision=92.35% | Recall=88.73% | MAE=4.2187
  Epoch 037/100 | Val Loss=3.2907 | Acc=93.54% | Precision=92.21% | Recall=89.95% | MAE=4.2542
  Epoch 038/100 | Val Loss=3.2427 | Acc=93.72% | Precision=93.33% | Recall=89.22% | MAE=4.2154
  Epoch 039/100 | Val Loss=5.4198 | Acc=93.63% | Precision=94.69% | Recall=87.50% | MAE=7.5223
  Epoch 040/100 | Val Loss=3.0898 | Acc=94.08% | Precision=91.30% | Recall=92.65% | MAE=4.0901
  Epoch 041/100 | Val Loss=3.5019 | Acc=93.81% | Precision=92.91% | Recall=89.95% | MAE=4.7606
  Epoch 042/100 | Val Loss=3.8964 | Acc=93.27% | Precision=92.15% | Recall=89.22% | MAE=5.3798
  Epoch 043/100 | Val Loss=3.3290 | Acc=94.08% | Precision=91.71% | Recall=92.16% | MAE=4.4166
  Epoch 044/100 | Val Loss=3.9775 | Acc=93.54% | Precision=93.52% | Recall=88.48% | MAE=5.6632
  Epoch 045/100 | Val Loss=3.2625 | Acc=93.90% | Precision=91.67% | Recall=91.67% | MAE=4.0381
  Epoch 046/100 | Val Loss=4.9551 | Acc=94.08% | Precision=93.85% | Recall=89.71% | MAE=6.9788
  Epoch 047/100 | Val Loss=3.5502 | Acc=93.81% | Precision=91.65% | Recall=91.42% | MAE=4.7543
  Epoch 048/100 | Val Loss=3.5674 | Acc=93.72% | Precision=93.33% | Recall=89.22% | MAE=4.9117
  Epoch 049/100 | Val Loss=2.9226 | Acc=93.99% | Precision=91.69% | Recall=91.91% | MAE=3.7542
  Epoch 050/100 | Val Loss=3.0651 | Acc=94.89% | Precision=94.21% | Recall=91.67% | MAE=4.0488
  Epoch 051/100 | Val Loss=2.9366 | Acc=94.26% | Precision=93.43% | Recall=90.69% | MAE=3.6526
  Epoch 052/100 | Val Loss=3.7809 | Acc=94.44% | Precision=94.59% | Recall=89.95% | MAE=5.0882
  Epoch 053/100 | Val Loss=3.4706 | Acc=93.90% | Precision=92.93% | Recall=90.20% | MAE=4.6849
  Epoch 054/100 | Val Loss=3.7950 | Acc=94.08% | Precision=93.40% | Recall=90.20% | MAE=5.1811
  Epoch 055/100 | Val Loss=2.9293 | Acc=94.35% | Precision=92.18% | Recall=92.40% | MAE=3.7256
  Epoch 056/100 | Val Loss=2.9379 | Acc=94.44% | Precision=91.79% | Recall=93.14% | MAE=3.6583
  Epoch 057/100 | Val Loss=2.8517 | Acc=94.53% | Precision=92.42% | Recall=92.65% | MAE=3.5251
  Epoch 058/100 | Val Loss=2.7783 | Acc=94.53% | Precision=92.84% | Recall=92.16% | MAE=3.6856
  Epoch 059/100 | Val Loss=3.1617 | Acc=94.35% | Precision=92.38% | Recall=92.16% | MAE=4.3246
  Epoch 060/100 | Val Loss=2.9780 | Acc=94.53% | Precision=92.42% | Recall=92.65% | MAE=3.9725
  Epoch 061/100 | Val Loss=3.2737 | Acc=94.89% | Precision=94.21% | Recall=91.67% | MAE=4.4106
  Epoch 062/100 | Val Loss=2.7314 | Acc=94.98% | Precision=93.35% | Recall=92.89% | MAE=3.5789
  Epoch 063/100 | Val Loss=4.0543 | Acc=94.89% | Precision=94.43% | Recall=91.42% | MAE=5.4494
  Epoch 064/100 | Val Loss=3.5851 | Acc=94.80% | Precision=93.75% | Recall=91.91% | MAE=4.6815
  Epoch 065/100 | Val Loss=3.1478 | Acc=94.80% | Precision=92.48% | Recall=93.38% | MAE=3.9887
  Epoch 066/100 | Val Loss=2.8117 | Acc=95.16% | Precision=92.96% | Recall=93.87% | MAE=3.5457
  Epoch 067/100 | Val Loss=2.6874 | Acc=94.89% | Precision=93.12% | Recall=92.89% | MAE=3.4009
  Epoch 068/100 | Val Loss=2.9462 | Acc=95.34% | Precision=94.72% | Recall=92.40% | MAE=3.9427
  Epoch 069/100 | Val Loss=3.0699 | Acc=94.89% | Precision=92.09% | Recall=94.12% | MAE=4.0498
  Epoch 070/100 | Val Loss=2.8631 | Acc=95.43% | Precision=93.43% | Recall=94.12% | MAE=3.7752
  Epoch 071/100 | Val Loss=2.5947 | Acc=95.25% | Precision=92.98% | Recall=94.12% | MAE=3.3808
  Epoch 072/100 | Val Loss=2.5922 | Acc=94.89% | Precision=92.09% | Recall=94.12% | MAE=3.3890
  Epoch 073/100 | Val Loss=2.7938 | Acc=95.25% | Precision=93.61% | Recall=93.38% | MAE=3.6533
  Epoch 074/100 | Val Loss=2.5133 | Acc=94.80% | Precision=91.87% | Recall=94.12% | MAE=3.2119
  Epoch 075/100 | Val Loss=2.6098 | Acc=95.07% | Precision=94.01% | Recall=92.40% | MAE=3.3915
  Epoch 076/100 | Val Loss=2.4657 | Acc=95.07% | Precision=92.33% | Recall=94.36% | MAE=3.2464
  Epoch 077/100 | Val Loss=2.7605 | Acc=95.52% | Precision=95.20% | Recall=92.40% | MAE=3.6955
  Epoch 078/100 | Val Loss=2.8586 | Acc=95.25% | Precision=95.17% | Recall=91.67% | MAE=3.8038
  Epoch 079/100 | Val Loss=2.6017 | Acc=95.61% | Precision=94.54% | Recall=93.38% | MAE=3.3969
  Epoch 080/100 | Val Loss=2.4732 | Acc=95.16% | Precision=92.55% | Recall=94.36% | MAE=3.2658
  Epoch 081/100 | Val Loss=3.2085 | Acc=95.96% | Precision=94.59% | Recall=94.36% | MAE=4.4050
  Epoch 082/100 | Val Loss=2.7971 | Acc=95.25% | Precision=92.57% | Recall=94.61% | MAE=3.5779
  Epoch 083/100 | Val Loss=2.5872 | Acc=95.34% | Precision=93.00% | Recall=94.36% | MAE=3.2926
  Epoch 084/100 | Val Loss=2.5883 | Acc=95.52% | Precision=93.66% | Recall=94.12% | MAE=3.3713
  Epoch 085/100 | Val Loss=4.2500 | Acc=95.78% | Precision=95.24% | Recall=93.14% | MAE=5.7470
  Epoch 086/100 | Val Loss=3.3360 | Acc=95.61% | Precision=94.99% | Recall=92.89% | MAE=4.4353
  Epoch 087/100 | Val Loss=3.7427 | Acc=95.78% | Precision=94.13% | Recall=94.36% | MAE=5.1694
  Epoch 088/100 | Val Loss=2.6304 | Acc=95.78% | Precision=94.13% | Recall=94.36% | MAE=3.4227
  Epoch 089/100 | Val Loss=2.5768 | Acc=95.96% | Precision=95.04% | Recall=93.87% | MAE=3.2879
  Epoch 090/100 | Val Loss=2.7511 | Acc=95.78% | Precision=95.24% | Recall=93.14% | MAE=3.4775
  Epoch 091/100 | Val Loss=2.6970 | Acc=95.78% | Precision=94.35% | Recall=94.12% | MAE=3.4231
  Epoch 092/100 | Val Loss=2.9866 | Acc=95.61% | Precision=93.89% | Recall=94.12% | MAE=3.8301
  Epoch 093/100 | Val Loss=2.5054 | Acc=95.52% | Precision=93.45% | Recall=94.36% | MAE=3.2768
  Epoch 094/100 | Val Loss=2.3755 | Acc=95.61% | Precision=93.67% | Recall=94.36% | MAE=3.1345
  Epoch 095/100 | Val Loss=2.5615 | Acc=95.61% | Precision=94.10% | Recall=93.87% | MAE=3.3338
  Epoch 096/100 | Val Loss=2.7558 | Acc=96.05% | Precision=95.27% | Recall=93.87% | MAE=3.5431
  Epoch 097/100 | Val Loss=2.6297 | Acc=95.96% | Precision=95.04% | Recall=93.87% | MAE=3.3623
  Epoch 098/100 | Val Loss=3.7332 | Acc=95.96% | Precision=95.72% | Recall=93.14% | MAE=5.0039
  Epoch 099/100 | Val Loss=2.6119 | Acc=95.61% | Precision=95.91% | Recall=91.91% | MAE=3.2523
  Epoch 100/100 | Val Loss=2.5604 | Acc=95.61% | Precision=93.46% | Recall=94.61% | MAE=3.2315
SMAC trial 3/10 | LR=0.0001 | WD=1e-06 | loss_weight=10
  Epoch 001/100 | Val Loss=797.1832 | Acc=40.72% | Precision=38.17% | Recall=100.00% | MAE=118.6361
  Epoch 002/100 | Val Loss=295.9971 | Acc=63.41% | Precision=0.00% | Recall=0.00% | MAE=43.2818
  Epoch 003/100 | Val Loss=134.4026 | Acc=75.87% | Precision=81.17% | Recall=44.36% | MAE=20.0659
  Epoch 004/100 | Val Loss=75.5823 | Acc=80.99% | Precision=91.53% | Recall=52.94% | MAE=11.4837
  Epoch 005/100 | Val Loss=71.0977 | Acc=80.18% | Precision=80.66% | Recall=60.29% | MAE=10.8132
  Epoch 006/100 | Val Loss=65.1974 | Acc=78.74% | Precision=70.70% | Recall=71.57% | MAE=9.8277
  Epoch 007/100 | Val Loss=37.6747 | Acc=84.48% | Precision=85.71% | Recall=69.12% | MAE=5.5935
  Epoch 008/100 | Val Loss=37.2990 | Acc=82.60% | Precision=82.42% | Recall=66.67% | MAE=5.4794
  Epoch 009/100 | Val Loss=45.4215 | Acc=83.32% | Precision=81.53% | Recall=70.34% | MAE=7.0702
  Epoch 010/100 | Val Loss=33.3037 | Acc=85.65% | Precision=80.85% | Recall=79.66% | MAE=4.5497
  Epoch 011/100 | Val Loss=33.8182 | Acc=85.29% | Precision=76.99% | Recall=85.29% | MAE=5.2044
  Epoch 012/100 | Val Loss=45.1750 | Acc=84.66% | Precision=91.58% | Recall=63.97% | MAE=6.8450
  Epoch 013/100 | Val Loss=35.0581 | Acc=86.64% | Precision=88.89% | Recall=72.55% | MAE=5.1687
  Epoch 014/100 | Val Loss=28.9739 | Acc=86.37% | Precision=89.02% | Recall=71.57% | MAE=4.2623
  Epoch 015/100 | Val Loss=27.0912 | Acc=85.65% | Precision=95.93% | Recall=63.48% | MAE=3.8207
  Epoch 016/100 | Val Loss=30.3102 | Acc=87.35% | Precision=86.78% | Recall=77.21% | MAE=4.5603
  Epoch 017/100 | Val Loss=35.3489 | Acc=87.17% | Precision=85.33% | Recall=78.43% | MAE=5.1405
  Epoch 018/100 | Val Loss=30.6873 | Acc=88.16% | Precision=79.49% | Recall=91.18% | MAE=4.3575
  Epoch 019/100 | Val Loss=31.7926 | Acc=88.97% | Precision=86.08% | Recall=83.33% | MAE=4.7052
  Epoch 020/100 | Val Loss=30.0975 | Acc=89.60% | Precision=83.03% | Recall=89.95% | MAE=4.4124
  Epoch 021/100 | Val Loss=29.8877 | Acc=90.13% | Precision=88.01% | Recall=84.56% | MAE=4.5832
  Epoch 022/100 | Val Loss=37.1115 | Acc=89.42% | Precision=90.96% | Recall=78.92% | MAE=5.0633
  Epoch 023/100 | Val Loss=30.7810 | Acc=90.76% | Precision=83.37% | Recall=93.38% | MAE=4.7693
  Epoch 024/100 | Val Loss=50.0874 | Acc=88.07% | Precision=95.38% | Recall=70.83% | MAE=7.5191
  Epoch 025/100 | Val Loss=32.8766 | Acc=91.39% | Precision=86.11% | Recall=91.18% | MAE=5.1771
  Epoch 026/100 | Val Loss=28.7040 | Acc=92.91% | Precision=94.58% | Recall=85.54% | MAE=4.2992
  Epoch 027/100 | Val Loss=36.4456 | Acc=92.56% | Precision=88.97% | Recall=90.93% | MAE=5.6546
  Epoch 028/100 | Val Loss=30.7918 | Acc=90.13% | Precision=95.15% | Recall=76.96% | MAE=4.7005
  Epoch 029/100 | Val Loss=24.4306 | Acc=92.83% | Precision=95.05% | Recall=84.80% | MAE=3.4824
  Epoch 030/100 | Val Loss=23.1484 | Acc=93.54% | Precision=91.38% | Recall=90.93% | MAE=3.3801
  Epoch 031/100 | Val Loss=22.3947 | Acc=93.27% | Precision=87.08% | Recall=95.83% | MAE=3.6046
  Epoch 032/100 | Val Loss=23.0428 | Acc=90.04% | Precision=95.98% | Recall=75.98% | MAE=3.3773
  Epoch 033/100 | Val Loss=23.0297 | Acc=94.62% | Precision=92.44% | Recall=92.89% | MAE=3.2360
  Epoch 034/100 | Val Loss=36.9492 | Acc=94.17% | Precision=89.98% | Recall=94.61% | MAE=5.6427
  Epoch 035/100 | Val Loss=22.0815 | Acc=93.90% | Precision=89.35% | Recall=94.61% | MAE=3.2227
  Epoch 036/100 | Val Loss=22.3512 | Acc=94.62% | Precision=91.23% | Recall=94.36% | MAE=3.3629
  Epoch 037/100 | Val Loss=24.6776 | Acc=93.54% | Precision=94.44% | Recall=87.50% | MAE=3.6387
  Epoch 038/100 | Val Loss=27.0398 | Acc=93.45% | Precision=94.43% | Recall=87.25% | MAE=4.1493
  Epoch 039/100 | Val Loss=32.5312 | Acc=92.83% | Precision=85.34% | Recall=97.06% | MAE=4.9237
  Epoch 040/100 | Val Loss=28.2477 | Acc=94.44% | Precision=92.61% | Recall=92.16% | MAE=4.1394
  Epoch 041/100 | Val Loss=30.6875 | Acc=93.99% | Precision=94.75% | Recall=88.48% | MAE=4.7203
  Epoch 042/100 | Val Loss=45.0314 | Acc=94.62% | Precision=90.09% | Recall=95.83% | MAE=6.7571
  Epoch 043/100 | Val Loss=24.8771 | Acc=94.98% | Precision=93.78% | Recall=92.40% | MAE=3.4809
  Epoch 044/100 | Val Loss=21.7991 | Acc=94.26% | Precision=94.79% | Recall=89.22% | MAE=3.2335
  Epoch 045/100 | Val Loss=30.6818 | Acc=95.34% | Precision=92.18% | Recall=95.34% | MAE=4.3220
  Epoch 046/100 | Val Loss=26.0330 | Acc=95.07% | Precision=93.37% | Recall=93.14% | MAE=3.9371
  Epoch 047/100 | Val Loss=27.3227 | Acc=94.44% | Precision=89.32% | Recall=96.32% | MAE=3.7140
  Epoch 048/100 | Val Loss=25.1259 | Acc=94.89% | Precision=90.16% | Recall=96.57% | MAE=3.8339
  Epoch 049/100 | Val Loss=20.6737 | Acc=95.70% | Precision=93.06% | Recall=95.34% | MAE=3.0702
  Epoch 050/100 | Val Loss=21.1779 | Acc=93.72% | Precision=94.71% | Recall=87.75% | MAE=3.2794
  Epoch 051/100 | Val Loss=23.7183 | Acc=94.62% | Precision=89.37% | Recall=96.81% | MAE=3.4781
  Epoch 052/100 | Val Loss=19.4622 | Acc=95.16% | Precision=93.38% | Recall=93.38% | MAE=2.8281
  Epoch 053/100 | Val Loss=23.6261 | Acc=94.62% | Precision=94.62% | Recall=90.44% | MAE=3.2526
  Epoch 054/100 | Val Loss=22.4586 | Acc=95.78% | Precision=93.70% | Recall=94.85% | MAE=3.2055
  Epoch 055/100 | Val Loss=21.5887 | Acc=95.34% | Precision=94.28% | Recall=92.89% | MAE=3.1646
  Epoch 056/100 | Val Loss=18.6512 | Acc=94.35% | Precision=96.25% | Recall=87.99% | MAE=2.6875
  Epoch 057/100 | Val Loss=20.4186 | Acc=95.52% | Precision=93.24% | Recall=94.61% | MAE=3.0096
  Epoch 058/100 | Val Loss=35.9043 | Acc=95.78% | Precision=92.07% | Recall=96.81% | MAE=5.5630
  Epoch 059/100 | Val Loss=21.6154 | Acc=95.87% | Precision=93.51% | Recall=95.34% | MAE=3.1103
  Epoch 060/100 | Val Loss=25.8576 | Acc=95.61% | Precision=94.54% | Recall=93.38% | MAE=3.6707
  Epoch 061/100 | Val Loss=18.8856 | Acc=94.53% | Precision=89.16% | Recall=96.81% | MAE=2.7905
  Epoch 062/100 | Val Loss=33.3396 | Acc=95.43% | Precision=91.22% | Recall=96.81% | MAE=5.2093
  Epoch 063/100 | Val Loss=27.7481 | Acc=94.08% | Precision=88.00% | Recall=97.06% | MAE=3.9097
  Epoch 064/100 | Val Loss=44.3012 | Acc=93.81% | Precision=87.58% | Recall=96.81% | MAE=6.4124
  Epoch 065/100 | Val Loss=23.1535 | Acc=94.71% | Precision=89.39% | Recall=97.06% | MAE=3.3722
  Epoch 066/100 | Val Loss=23.1496 | Acc=94.98% | Precision=90.00% | Recall=97.06% | MAE=3.4973
  Epoch 067/100 | Val Loss=21.0671 | Acc=95.52% | Precision=94.31% | Recall=93.38% | MAE=3.1736
  Epoch 068/100 | Val Loss=20.7470 | Acc=95.78% | Precision=93.29% | Recall=95.34% | MAE=2.8910
  Epoch 069/100 | Val Loss=34.4806 | Acc=96.05% | Precision=93.75% | Recall=95.59% | MAE=5.0117
  Epoch 070/100 | Val Loss=26.8638 | Acc=95.87% | Precision=95.02% | Recall=93.63% | MAE=3.9390
  Epoch 071/100 | Val Loss=22.7521 | Acc=95.34% | Precision=94.28% | Recall=92.89% | MAE=3.5390
  Epoch 072/100 | Val Loss=25.7463 | Acc=95.52% | Precision=91.44% | Recall=96.81% | MAE=3.7083
  Epoch 073/100 | Val Loss=23.4081 | Acc=95.96% | Precision=92.51% | Recall=96.81% | MAE=3.5783
  Epoch 074/100 | Val Loss=26.3038 | Acc=96.14% | Precision=93.14% | Recall=96.57% | MAE=3.8812
  Epoch 075/100 | Val Loss=20.1545 | Acc=96.23% | Precision=94.20% | Recall=95.59% | MAE=2.9301
  Epoch 076/100 | Val Loss=19.3617 | Acc=95.87% | Precision=94.15% | Recall=94.61% | MAE=2.9327
  Epoch 077/100 | Val Loss=17.8431 | Acc=96.05% | Precision=95.27% | Recall=93.87% | MAE=2.7544
  Epoch 078/100 | Val Loss=16.6286 | Acc=96.05% | Precision=95.50% | Recall=93.63% | MAE=2.5596
  Epoch 079/100 | Val Loss=31.0553 | Acc=96.59% | Precision=94.26% | Recall=96.57% | MAE=4.5080
  Epoch 080/100 | Val Loss=33.8185 | Acc=96.05% | Precision=92.72% | Recall=96.81% | MAE=4.9581
  Epoch 081/100 | Val Loss=19.6946 | Acc=96.32% | Precision=93.79% | Recall=96.32% | MAE=2.8142
  Epoch 082/100 | Val Loss=38.3489 | Acc=94.98% | Precision=89.64% | Recall=97.55% | MAE=5.8299
  Epoch 083/100 | Val Loss=21.8665 | Acc=96.50% | Precision=94.24% | Recall=96.32% | MAE=3.2017
  Epoch 084/100 | Val Loss=24.1744 | Acc=96.23% | Precision=95.07% | Recall=94.61% | MAE=3.6845
  Epoch 085/100 | Val Loss=36.6102 | Acc=96.50% | Precision=95.11% | Recall=95.34% | MAE=5.2286
  Epoch 086/100 | Val Loss=19.4145 | Acc=96.23% | Precision=96.45% | Recall=93.14% | MAE=3.0284
  Epoch 087/100 | Val Loss=19.4144 | Acc=94.62% | Precision=89.01% | Recall=97.30% | MAE=2.9066
  Epoch 088/100 | Val Loss=35.8350 | Acc=95.25% | Precision=90.43% | Recall=97.30% | MAE=5.3879
  Epoch 089/100 | Val Loss=18.0955 | Acc=96.32% | Precision=95.76% | Recall=94.12% | MAE=2.7070
  Epoch 090/100 | Val Loss=24.8186 | Acc=96.23% | Precision=92.96% | Recall=97.06% | MAE=3.6257
  Epoch 091/100 | Val Loss=24.4085 | Acc=96.86% | Precision=95.82% | Recall=95.59% | MAE=3.5955
  Epoch 092/100 | Val Loss=23.0787 | Acc=95.52% | Precision=91.63% | Recall=96.57% | MAE=3.2205
  Epoch 093/100 | Val Loss=25.0825 | Acc=96.50% | Precision=95.33% | Recall=95.10% | MAE=3.6347
  Epoch 094/100 | Val Loss=30.5416 | Acc=96.59% | Precision=94.05% | Recall=96.81% | MAE=4.3949
  Epoch 095/100 | Val Loss=16.6390 | Acc=97.13% | Precision=95.19% | Recall=97.06% | MAE=2.4340
  Epoch 096/100 | Val Loss=16.8723 | Acc=96.59% | Precision=96.48% | Recall=94.12% | MAE=2.4673
  Epoch 097/100 | Val Loss=19.2873 | Acc=95.43% | Precision=90.85% | Recall=97.30% | MAE=2.8834
  Epoch 098/100 | Val Loss=44.7255 | Acc=96.95% | Precision=94.95% | Recall=96.81% | MAE=6.7547
  Epoch 099/100 | Val Loss=31.1449 | Acc=97.04% | Precision=96.07% | Recall=95.83% | MAE=4.4501
  Epoch 100/100 | Val Loss=17.9478 | Acc=97.04% | Precision=96.07% | Recall=95.83% | MAE=2.6900
SMAC trial 4/10 | LR=1e-05 | WD=0.0001 | loss_weight=0.01
  Epoch 001/100 | Val Loss=1.6766 | Acc=36.59% | Precision=36.59% | Recall=100.00% | MAE=147.6120
  Epoch 002/100 | Val Loss=1.4962 | Acc=65.92% | Precision=51.81% | Recall=98.04% | MAE=146.7903
  Epoch 003/100 | Val Loss=1.2315 | Acc=93.00% | Precision=88.73% | Recall=92.65% | MAE=145.5130
  Epoch 004/100 | Val Loss=1.1737 | Acc=94.08% | Precision=93.62% | Recall=89.95% | MAE=144.0440
  Epoch 005/100 | Val Loss=1.1375 | Acc=95.43% | Precision=94.74% | Recall=92.65% | MAE=142.3941
  Epoch 006/100 | Val Loss=1.0949 | Acc=96.59% | Precision=94.90% | Recall=95.83% | MAE=140.2579
  Epoch 007/100 | Val Loss=1.0713 | Acc=96.68% | Precision=96.03% | Recall=94.85% | MAE=137.6864
  Epoch 008/100 | Val Loss=1.0375 | Acc=97.13% | Precision=96.53% | Recall=95.59% | MAE=134.1082
  Epoch 009/100 | Val Loss=0.9994 | Acc=97.04% | Precision=96.07% | Recall=95.83% | MAE=129.1572
  Epoch 010/100 | Val Loss=0.9501 | Acc=97.04% | Precision=96.07% | Recall=95.83% | MAE=122.3406
  Epoch 011/100 | Val Loss=0.8733 | Acc=97.04% | Precision=95.18% | Recall=96.81% | MAE=111.7303
  Epoch 012/100 | Val Loss=0.8002 | Acc=96.95% | Precision=96.29% | Recall=95.34% | MAE=97.3285
  Epoch 013/100 | Val Loss=0.6442 | Acc=97.31% | Precision=96.32% | Recall=96.32% | MAE=73.8160
  Epoch 014/100 | Val Loss=0.4474 | Acc=96.77% | Precision=95.81% | Recall=95.34% | MAE=43.2377
  Epoch 015/100 | Val Loss=0.3273 | Acc=95.78% | Precision=94.35% | Recall=94.12% | MAE=21.3464
  Epoch 016/100 | Val Loss=0.2901 | Acc=96.59% | Precision=96.02% | Recall=94.61% | MAE=18.4989
  Epoch 017/100 | Val Loss=0.2431 | Acc=96.95% | Precision=95.39% | Recall=96.32% | MAE=17.5905
  Epoch 018/100 | Val Loss=0.2321 | Acc=96.95% | Precision=95.83% | Recall=95.83% | MAE=14.9028
  Epoch 019/100 | Val Loss=0.2411 | Acc=96.68% | Precision=95.80% | Recall=95.10% | MAE=12.0338
  Epoch 020/100 | Val Loss=0.2609 | Acc=96.68% | Precision=96.49% | Recall=94.36% | MAE=13.5219
  Epoch 021/100 | Val Loss=0.2172 | Acc=96.68% | Precision=95.80% | Recall=95.10% | MAE=11.4779
  Epoch 022/100 | Val Loss=0.2304 | Acc=96.68% | Precision=96.03% | Recall=94.85% | MAE=11.5163
  Epoch 023/100 | Val Loss=0.2597 | Acc=96.41% | Precision=95.77% | Recall=94.36% | MAE=10.6302
  Epoch 024/100 | Val Loss=0.2283 | Acc=96.68% | Precision=95.80% | Recall=95.10% | MAE=9.4451
  Epoch 025/100 | Val Loss=0.2447 | Acc=96.59% | Precision=96.02% | Recall=94.61% | MAE=10.6490
  Epoch 026/100 | Val Loss=0.1930 | Acc=96.86% | Precision=95.16% | Recall=96.32% | MAE=8.7815
  Epoch 027/100 | Val Loss=0.2031 | Acc=96.77% | Precision=95.37% | Recall=95.83% | MAE=9.7881
  Epoch 028/100 | Val Loss=0.2231 | Acc=96.59% | Precision=95.34% | Recall=95.34% | MAE=8.6027
  Epoch 029/100 | Val Loss=0.2425 | Acc=96.77% | Precision=96.73% | Recall=94.36% | MAE=9.2144
  Epoch 030/100 | Val Loss=0.2439 | Acc=96.59% | Precision=96.25% | Recall=94.36% | MAE=7.2781
  Epoch 031/100 | Val Loss=0.2312 | Acc=96.86% | Precision=96.74% | Recall=94.61% | MAE=9.0117
  Epoch 032/100 | Val Loss=0.2239 | Acc=96.68% | Precision=96.26% | Recall=94.61% | MAE=7.5640
  Epoch 033/100 | Val Loss=0.2149 | Acc=96.68% | Precision=96.26% | Recall=94.61% | MAE=8.0866
  Epoch 034/100 | Val Loss=0.2543 | Acc=96.59% | Precision=96.25% | Recall=94.36% | MAE=7.5417
  Epoch 035/100 | Val Loss=0.2333 | Acc=95.78% | Precision=93.70% | Recall=94.85% | MAE=7.0819
  Epoch 036/100 | Val Loss=0.2038 | Acc=96.50% | Precision=95.56% | Recall=94.85% | MAE=7.4023
  Epoch 037/100 | Val Loss=0.2692 | Acc=96.50% | Precision=95.78% | Recall=94.61% | MAE=7.3866
  Epoch 038/100 | Val Loss=0.2424 | Acc=96.14% | Precision=94.84% | Recall=94.61% | MAE=7.1212
  Epoch 039/100 | Val Loss=0.2381 | Acc=96.59% | Precision=96.02% | Recall=94.61% | MAE=8.7033
  Epoch 040/100 | Val Loss=0.2170 | Acc=96.68% | Precision=96.03% | Recall=94.85% | MAE=6.1995
  Epoch 041/100 | Val Loss=0.2382 | Acc=96.50% | Precision=95.78% | Recall=94.61% | MAE=7.1526
  Epoch 042/100 | Val Loss=0.2392 | Acc=96.32% | Precision=95.53% | Recall=94.36% | MAE=7.3339
  Epoch 043/100 | Val Loss=0.2309 | Acc=96.41% | Precision=94.88% | Recall=95.34% | MAE=6.0371
  Epoch 044/100 | Val Loss=0.2354 | Acc=96.05% | Precision=94.39% | Recall=94.85% | MAE=5.9143
  Epoch 045/100 | Val Loss=0.1919 | Acc=96.68% | Precision=94.70% | Recall=96.32% | MAE=6.3338
  Epoch 046/100 | Val Loss=0.2463 | Acc=96.14% | Precision=95.06% | Recall=94.36% | MAE=6.5385
  Epoch 047/100 | Val Loss=0.2118 | Acc=96.14% | Precision=94.84% | Recall=94.61% | MAE=5.5931
  Epoch 048/100 | Val Loss=0.2659 | Acc=95.87% | Precision=94.58% | Recall=94.12% | MAE=6.3305
  Epoch 049/100 | Val Loss=0.2096 | Acc=96.41% | Precision=95.32% | Recall=94.85% | MAE=5.7426
  Epoch 050/100 | Val Loss=0.2077 | Acc=96.68% | Precision=95.35% | Recall=95.59% | MAE=5.7984
  Epoch 051/100 | Val Loss=0.2289 | Acc=96.14% | Precision=94.62% | Recall=94.85% | MAE=5.4999
  Epoch 052/100 | Val Loss=0.2393 | Acc=96.14% | Precision=95.51% | Recall=93.87% | MAE=6.9933
  Epoch 053/100 | Val Loss=0.2073 | Acc=96.05% | Precision=93.33% | Recall=96.08% | MAE=5.8646
  Epoch 054/100 | Val Loss=0.1967 | Acc=96.77% | Precision=95.15% | Recall=96.08% | MAE=5.7885
  Epoch 055/100 | Val Loss=0.2096 | Acc=96.41% | Precision=94.88% | Recall=95.34% | MAE=5.1191
  Epoch 056/100 | Val Loss=0.2258 | Acc=96.41% | Precision=95.32% | Recall=94.85% | MAE=5.4421
  Epoch 057/100 | Val Loss=0.2330 | Acc=96.23% | Precision=94.85% | Recall=94.85% | MAE=6.2505
  Epoch 058/100 | Val Loss=0.2135 | Acc=96.41% | Precision=94.88% | Recall=95.34% | MAE=6.6341
  Epoch 059/100 | Val Loss=0.2193 | Acc=96.41% | Precision=95.10% | Recall=95.10% | MAE=5.9168
  Epoch 060/100 | Val Loss=0.2150 | Acc=96.50% | Precision=95.11% | Recall=95.34% | MAE=5.5532
  Epoch 061/100 | Val Loss=0.2313 | Acc=96.14% | Precision=94.62% | Recall=94.85% | MAE=5.6445
  Epoch 062/100 | Val Loss=0.2330 | Acc=96.14% | Precision=94.40% | Recall=95.10% | MAE=6.3797
  Epoch 063/100 | Val Loss=0.2237 | Acc=96.05% | Precision=94.61% | Recall=94.61% | MAE=6.3126
  Epoch 064/100 | Val Loss=0.2079 | Acc=96.32% | Precision=94.43% | Recall=95.59% | MAE=5.6277
  Epoch 065/100 | Val Loss=0.2289 | Acc=95.87% | Precision=93.93% | Recall=94.85% | MAE=5.0906
  Epoch 066/100 | Val Loss=0.2266 | Acc=95.87% | Precision=94.80% | Recall=93.87% | MAE=5.3214
  Epoch 067/100 | Val Loss=0.2102 | Acc=95.87% | Precision=93.93% | Recall=94.85% | MAE=5.5861
  Epoch 068/100 | Val Loss=0.2633 | Acc=95.96% | Precision=94.81% | Recall=94.12% | MAE=5.3410
  Epoch 069/100 | Val Loss=0.2207 | Acc=95.96% | Precision=94.16% | Recall=94.85% | MAE=5.5448
  Epoch 070/100 | Val Loss=0.2323 | Acc=95.96% | Precision=94.59% | Recall=94.36% | MAE=5.6682
  Epoch 071/100 | Val Loss=0.2342 | Acc=96.14% | Precision=94.40% | Recall=95.10% | MAE=6.1121
  Epoch 072/100 | Val Loss=0.2334 | Acc=96.05% | Precision=94.61% | Recall=94.61% | MAE=5.4109
  Epoch 073/100 | Val Loss=0.2223 | Acc=96.14% | Precision=94.40% | Recall=95.10% | MAE=5.5021
  Epoch 074/100 | Val Loss=0.2371 | Acc=96.14% | Precision=94.84% | Recall=94.61% | MAE=5.0210
  Epoch 075/100 | Val Loss=0.2431 | Acc=95.78% | Precision=94.13% | Recall=94.36% | MAE=5.0276
  Epoch 076/100 | Val Loss=0.2515 | Acc=95.96% | Precision=94.81% | Recall=94.12% | MAE=5.4484
  Epoch 077/100 | Val Loss=0.2250 | Acc=96.23% | Precision=94.42% | Recall=95.34% | MAE=5.0678
  Epoch 078/100 | Val Loss=0.2223 | Acc=96.14% | Precision=95.06% | Recall=94.36% | MAE=5.2960
  Epoch 079/100 | Val Loss=0.2275 | Acc=96.05% | Precision=94.17% | Recall=95.10% | MAE=4.7079
  Epoch 080/100 | Val Loss=0.2238 | Acc=96.23% | Precision=94.85% | Recall=94.85% | MAE=4.7621
  Epoch 081/100 | Val Loss=0.2518 | Acc=95.96% | Precision=94.81% | Recall=94.12% | MAE=5.4247
  Epoch 082/100 | Val Loss=0.2315 | Acc=95.96% | Precision=93.95% | Recall=95.10% | MAE=5.0250
  Epoch 083/100 | Val Loss=0.2127 | Acc=96.23% | Precision=94.85% | Recall=94.85% | MAE=4.7473
  Epoch 084/100 | Val Loss=0.2435 | Acc=95.96% | Precision=94.59% | Recall=94.36% | MAE=4.3296
  Epoch 085/100 | Val Loss=0.2324 | Acc=96.23% | Precision=94.85% | Recall=94.85% | MAE=5.5306
  Epoch 086/100 | Val Loss=0.2470 | Acc=95.87% | Precision=94.15% | Recall=94.61% | MAE=4.4608
  Epoch 087/100 | Val Loss=0.2452 | Acc=96.14% | Precision=95.29% | Recall=94.12% | MAE=5.5945
  Epoch 088/100 | Val Loss=0.2466 | Acc=95.78% | Precision=94.13% | Recall=94.36% | MAE=4.4942
  Epoch 089/100 | Val Loss=0.2192 | Acc=95.70% | Precision=93.48% | Recall=94.85% | MAE=4.7068
  Epoch 090/100 | Val Loss=0.2476 | Acc=96.23% | Precision=95.07% | Recall=94.61% | MAE=6.0413
  Epoch 091/100 | Val Loss=0.2367 | Acc=95.96% | Precision=94.16% | Recall=94.85% | MAE=4.3869
  Epoch 092/100 | Val Loss=0.2159 | Acc=96.32% | Precision=94.43% | Recall=95.59% | MAE=4.7373
  Epoch 093/100 | Val Loss=0.2349 | Acc=96.05% | Precision=94.17% | Recall=95.10% | MAE=4.3337
  Epoch 094/100 | Val Loss=0.2344 | Acc=95.87% | Precision=93.72% | Recall=95.10% | MAE=4.2162
  Epoch 095/100 | Val Loss=0.2335 | Acc=96.32% | Precision=95.09% | Recall=94.85% | MAE=4.9696
  Epoch 096/100 | Val Loss=0.2189 | Acc=96.50% | Precision=95.11% | Recall=95.34% | MAE=4.6080
  Epoch 097/100 | Val Loss=0.2469 | Acc=96.50% | Precision=95.33% | Recall=95.10% | MAE=4.7592
  Epoch 098/100 | Val Loss=0.2288 | Acc=96.41% | Precision=95.10% | Recall=95.10% | MAE=5.3621
  Epoch 099/100 | Val Loss=0.2442 | Acc=96.14% | Precision=94.62% | Recall=94.85% | MAE=4.3328
  Epoch 100/100 | Val Loss=0.2257 | Acc=96.23% | Precision=95.07% | Recall=94.61% | MAE=5.0354
SMAC trial 5/10 | LR=1e-05 | WD=0.001 | loss_weight=0.01
  Epoch 001/100 | Val Loss=1.6766 | Acc=36.59% | Precision=36.59% | Recall=100.00% | MAE=147.6202
  Epoch 002/100 | Val Loss=1.4974 | Acc=65.74% | Precision=51.68% | Recall=98.04% | MAE=146.8148
  Epoch 003/100 | Val Loss=1.2328 | Acc=93.09% | Precision=88.94% | Recall=92.65% | MAE=145.5768
  Epoch 004/100 | Val Loss=1.1752 | Acc=94.17% | Precision=93.86% | Recall=89.95% | MAE=144.1768
  Epoch 005/100 | Val Loss=1.1391 | Acc=95.34% | Precision=94.72% | Recall=92.40% | MAE=142.6245
  Epoch 006/100 | Val Loss=1.0974 | Acc=96.59% | Precision=94.90% | Recall=95.83% | MAE=140.6464
  Epoch 007/100 | Val Loss=1.0757 | Acc=96.68% | Precision=96.03% | Recall=94.85% | MAE=138.3491
  Epoch 008/100 | Val Loss=1.0451 | Acc=97.13% | Precision=96.53% | Recall=95.59% | MAE=135.2559
  Epoch 009/100 | Val Loss=1.0111 | Acc=97.13% | Precision=96.31% | Recall=95.83% | MAE=131.0276
  Epoch 010/100 | Val Loss=0.9694 | Acc=97.13% | Precision=96.31% | Recall=95.83% | MAE=125.4371
  Epoch 011/100 | Val Loss=0.9056 | Acc=97.04% | Precision=95.18% | Recall=96.81% | MAE=116.7966
  Epoch 012/100 | Val Loss=0.8540 | Acc=96.95% | Precision=96.29% | Recall=95.34% | MAE=105.5849
  Epoch 013/100 | Val Loss=0.7291 | Acc=97.22% | Precision=96.31% | Recall=96.08% | MAE=87.1491
  Epoch 014/100 | Val Loss=0.5491 | Acc=96.95% | Precision=95.83% | Recall=95.83% | MAE=59.3094
  Epoch 015/100 | Val Loss=0.3908 | Acc=95.70% | Precision=93.90% | Recall=94.36% | MAE=29.9431
  Epoch 016/100 | Val Loss=0.3059 | Acc=96.50% | Precision=95.78% | Recall=94.61% | MAE=19.7984
  Epoch 017/100 | Val Loss=0.2575 | Acc=97.04% | Precision=95.40% | Recall=96.57% | MAE=19.3337
  Epoch 018/100 | Val Loss=0.2384 | Acc=97.04% | Precision=96.07% | Recall=95.83% | MAE=15.8370
  Epoch 019/100 | Val Loss=0.2557 | Acc=96.68% | Precision=96.26% | Recall=94.61% | MAE=13.7354
  Epoch 020/100 | Val Loss=0.2693 | Acc=96.68% | Precision=96.73% | Recall=94.12% | MAE=14.7017
  Epoch 021/100 | Val Loss=0.2205 | Acc=96.77% | Precision=96.04% | Recall=95.10% | MAE=12.0252
  Epoch 022/100 | Val Loss=0.2327 | Acc=96.68% | Precision=96.03% | Recall=94.85% | MAE=12.0649
  Epoch 023/100 | Val Loss=0.2561 | Acc=96.59% | Precision=96.25% | Recall=94.36% | MAE=11.1914
  Epoch 024/100 | Val Loss=0.2245 | Acc=96.59% | Precision=95.34% | Recall=95.34% | MAE=9.3973
  Epoch 025/100 | Val Loss=0.2499 | Acc=96.59% | Precision=96.02% | Recall=94.61% | MAE=11.2008
  Epoch 026/100 | Val Loss=0.1929 | Acc=96.86% | Precision=94.94% | Recall=96.57% | MAE=8.9500
  Epoch 027/100 | Val Loss=0.2097 | Acc=96.95% | Precision=95.83% | Recall=95.83% | MAE=10.7387
  Epoch 028/100 | Val Loss=0.2296 | Acc=96.77% | Precision=96.04% | Recall=95.10% | MAE=9.6045
  Epoch 029/100 | Val Loss=0.2363 | Acc=96.77% | Precision=96.73% | Recall=94.36% | MAE=9.2381
  Epoch 030/100 | Val Loss=0.2390 | Acc=96.59% | Precision=96.25% | Recall=94.36% | MAE=7.6282
  Epoch 031/100 | Val Loss=0.2285 | Acc=96.77% | Precision=96.50% | Recall=94.61% | MAE=9.5607
  Epoch 032/100 | Val Loss=0.2275 | Acc=96.59% | Precision=96.02% | Recall=94.61% | MAE=8.1215
  Epoch 033/100 | Val Loss=0.2144 | Acc=96.41% | Precision=95.54% | Recall=94.61% | MAE=8.0898
  Epoch 034/100 | Val Loss=0.2514 | Acc=96.77% | Precision=96.73% | Recall=94.36% | MAE=7.8497
  Epoch 035/100 | Val Loss=0.2376 | Acc=95.96% | Precision=94.16% | Recall=94.85% | MAE=8.1415
  Epoch 036/100 | Val Loss=0.2025 | Acc=96.41% | Precision=95.10% | Recall=95.10% | MAE=7.5863
  Epoch 037/100 | Val Loss=0.2655 | Acc=96.32% | Precision=95.31% | Recall=94.61% | MAE=7.6713
  Epoch 038/100 | Val Loss=0.2406 | Acc=96.05% | Precision=94.61% | Recall=94.61% | MAE=7.1414
  Epoch 039/100 | Val Loss=0.2410 | Acc=96.32% | Precision=95.53% | Recall=94.36% | MAE=8.8231
  Epoch 040/100 | Val Loss=0.2136 | Acc=96.50% | Precision=95.56% | Recall=94.85% | MAE=6.4394
  Epoch 041/100 | Val Loss=0.2328 | Acc=96.23% | Precision=95.07% | Recall=94.61% | MAE=7.2164
  Epoch 042/100 | Val Loss=0.2418 | Acc=96.59% | Precision=96.02% | Recall=94.61% | MAE=8.2740
  Epoch 043/100 | Val Loss=0.2205 | Acc=96.32% | Precision=94.65% | Recall=95.34% | MAE=6.1194
  Epoch 044/100 | Val Loss=0.2359 | Acc=96.14% | Precision=94.40% | Recall=95.10% | MAE=6.9093
  Epoch 045/100 | Val Loss=0.1864 | Acc=96.23% | Precision=93.78% | Recall=96.08% | MAE=6.3957
  Epoch 046/100 | Val Loss=0.2474 | Acc=96.41% | Precision=95.54% | Recall=94.61% | MAE=7.5478
  Epoch 047/100 | Val Loss=0.2109 | Acc=96.23% | Precision=94.42% | Recall=95.34% | MAE=6.0613
  Epoch 048/100 | Val Loss=0.2598 | Acc=96.05% | Precision=94.83% | Recall=94.36% | MAE=6.4385
  Epoch 049/100 | Val Loss=0.2085 | Acc=96.50% | Precision=95.33% | Recall=95.10% | MAE=6.1987
  Epoch 050/100 | Val Loss=0.2088 | Acc=96.50% | Precision=95.33% | Recall=95.10% | MAE=6.4535
  Epoch 051/100 | Val Loss=0.2250 | Acc=96.05% | Precision=94.39% | Recall=94.85% | MAE=5.8943
  Epoch 052/100 | Val Loss=0.2389 | Acc=96.23% | Precision=95.52% | Recall=94.12% | MAE=7.2627
  Epoch 053/100 | Val Loss=0.2043 | Acc=96.05% | Precision=93.33% | Recall=96.08% | MAE=6.5631
  Epoch 054/100 | Val Loss=0.1902 | Acc=96.77% | Precision=94.93% | Recall=96.32% | MAE=5.9648
  Epoch 055/100 | Val Loss=0.2048 | Acc=96.32% | Precision=94.87% | Recall=95.10% | MAE=5.4825
  Epoch 056/100 | Val Loss=0.2305 | Acc=96.23% | Precision=95.07% | Recall=94.61% | MAE=5.8768
  Epoch 057/100 | Val Loss=0.2440 | Acc=95.96% | Precision=94.81% | Recall=94.12% | MAE=7.4891
  Epoch 058/100 | Val Loss=0.2095 | Acc=96.32% | Precision=94.87% | Recall=95.10% | MAE=6.9673
  Epoch 059/100 | Val Loss=0.2220 | Acc=96.59% | Precision=95.57% | Recall=95.10% | MAE=6.9950
  Epoch 060/100 | Val Loss=0.2090 | Acc=96.41% | Precision=95.10% | Recall=95.10% | MAE=5.7851
  Epoch 061/100 | Val Loss=0.2297 | Acc=96.23% | Precision=94.85% | Recall=94.85% | MAE=6.0764
  Epoch 062/100 | Val Loss=0.2324 | Acc=96.23% | Precision=94.63% | Recall=95.10% | MAE=6.4579
  Epoch 063/100 | Val Loss=0.2202 | Acc=96.14% | Precision=94.62% | Recall=94.85% | MAE=6.5567
  Epoch 064/100 | Val Loss=0.2046 | Acc=96.41% | Precision=94.66% | Recall=95.59% | MAE=5.7945
  Epoch 065/100 | Val Loss=0.2220 | Acc=96.14% | Precision=94.40% | Recall=95.10% | MAE=5.3274
  Epoch 066/100 | Val Loss=0.2227 | Acc=96.23% | Precision=95.07% | Recall=94.61% | MAE=5.8814
  Epoch 067/100 | Val Loss=0.2078 | Acc=95.96% | Precision=93.73% | Recall=95.34% | MAE=6.2447
  Epoch 068/100 | Val Loss=0.2596 | Acc=95.96% | Precision=95.04% | Recall=93.87% | MAE=5.7216
  Epoch 069/100 | Val Loss=0.2184 | Acc=95.96% | Precision=93.95% | Recall=95.10% | MAE=5.7920
  Epoch 070/100 | Val Loss=0.2295 | Acc=95.96% | Precision=94.59% | Recall=94.36% | MAE=6.1367
  Epoch 071/100 | Val Loss=0.2242 | Acc=96.14% | Precision=94.19% | Recall=95.34% | MAE=6.4850
  Epoch 072/100 | Val Loss=0.2205 | Acc=95.96% | Precision=94.16% | Recall=94.85% | MAE=5.3588
  Epoch 073/100 | Val Loss=0.2214 | Acc=96.14% | Precision=94.40% | Recall=95.10% | MAE=6.2624
  Epoch 074/100 | Val Loss=0.2346 | Acc=96.05% | Precision=94.83% | Recall=94.36% | MAE=5.5321
  Epoch 075/100 | Val Loss=0.2372 | Acc=95.78% | Precision=94.13% | Recall=94.36% | MAE=5.2948
  Epoch 076/100 | Val Loss=0.2479 | Acc=95.96% | Precision=94.59% | Recall=94.36% | MAE=5.5856
  Epoch 077/100 | Val Loss=0.2300 | Acc=96.05% | Precision=94.83% | Recall=94.36% | MAE=6.4751
  Epoch 078/100 | Val Loss=0.2196 | Acc=96.14% | Precision=95.06% | Recall=94.36% | MAE=5.7293
  Epoch 079/100 | Val Loss=0.2233 | Acc=95.87% | Precision=93.93% | Recall=94.85% | MAE=5.1628
  Epoch 080/100 | Val Loss=0.2198 | Acc=96.23% | Precision=95.30% | Recall=94.36% | MAE=5.1586
  Epoch 081/100 | Val Loss=0.2481 | Acc=95.96% | Precision=94.81% | Recall=94.12% | MAE=5.6757
  Epoch 082/100 | Val Loss=0.2297 | Acc=96.32% | Precision=95.09% | Recall=94.85% | MAE=5.7599
  Epoch 083/100 | Val Loss=0.2124 | Acc=96.32% | Precision=94.87% | Recall=95.10% | MAE=4.9795
  Epoch 084/100 | Val Loss=0.2324 | Acc=95.87% | Precision=94.36% | Recall=94.36% | MAE=4.4796
  Epoch 085/100 | Val Loss=0.2285 | Acc=96.14% | Precision=94.62% | Recall=94.85% | MAE=5.8759
  Epoch 086/100 | Val Loss=0.2424 | Acc=95.87% | Precision=94.36% | Recall=94.36% | MAE=4.8493
  Epoch 087/100 | Val Loss=0.2386 | Acc=96.32% | Precision=95.53% | Recall=94.36% | MAE=6.2063
  Epoch 088/100 | Val Loss=0.2422 | Acc=95.87% | Precision=94.36% | Recall=94.36% | MAE=4.7491
  Epoch 089/100 | Val Loss=0.2141 | Acc=96.05% | Precision=93.96% | Recall=95.34% | MAE=5.2113
  Epoch 090/100 | Val Loss=0.2391 | Acc=96.32% | Precision=95.09% | Recall=94.85% | MAE=6.2557
  Epoch 091/100 | Val Loss=0.2374 | Acc=96.32% | Precision=94.87% | Recall=95.10% | MAE=5.0531
  Epoch 092/100 | Val Loss=0.2120 | Acc=96.05% | Precision=93.75% | Recall=95.59% | MAE=5.0911
  Epoch 093/100 | Val Loss=0.2295 | Acc=95.96% | Precision=93.95% | Recall=95.10% | MAE=4.6766
  Epoch 094/100 | Val Loss=0.2299 | Acc=96.05% | Precision=94.17% | Recall=95.10% | MAE=4.5226
  Epoch 095/100 | Val Loss=0.2268 | Acc=96.32% | Precision=95.09% | Recall=94.85% | MAE=4.8256
  Epoch 096/100 | Val Loss=0.2251 | Acc=96.32% | Precision=94.87% | Recall=95.10% | MAE=5.2283
  Epoch 097/100 | Val Loss=0.2454 | Acc=96.41% | Precision=95.10% | Recall=95.10% | MAE=4.6576
  Epoch 098/100 | Val Loss=0.2315 | Acc=96.41% | Precision=95.10% | Recall=95.10% | MAE=5.7503
  Epoch 099/100 | Val Loss=0.2437 | Acc=96.23% | Precision=94.85% | Recall=94.85% | MAE=4.5877
  Epoch 100/100 | Val Loss=0.2222 | Acc=96.32% | Precision=95.31% | Recall=94.61% | MAE=5.3039
SMAC trial 6/10 | LR=0.0001 | WD=0.0001 | loss_weight=0.1
  Epoch 001/100 | Val Loss=9.9109 | Acc=63.41% | Precision=0.00% | Recall=0.00% | MAE=133.9596
  Epoch 002/100 | Val Loss=3.4270 | Acc=89.24% | Precision=89.34% | Recall=80.15% | MAE=44.8598
  Epoch 003/100 | Val Loss=1.3624 | Acc=94.26% | Precision=91.35% | Recall=93.14% | MAE=17.6100
  Epoch 004/100 | Val Loss=1.0189 | Acc=95.78% | Precision=94.57% | Recall=93.87% | MAE=12.5989
  Epoch 005/100 | Val Loss=0.7939 | Acc=96.59% | Precision=94.26% | Recall=96.57% | MAE=10.0718
  Epoch 006/100 | Val Loss=0.5658 | Acc=96.77% | Precision=96.73% | Recall=94.36% | MAE=6.2138
  Epoch 007/100 | Val Loss=0.7439 | Acc=96.50% | Precision=99.20% | Recall=91.18% | MAE=8.5793
  Epoch 008/100 | Val Loss=0.4558 | Acc=97.31% | Precision=96.55% | Recall=96.08% | MAE=5.2481
  Epoch 009/100 | Val Loss=0.7042 | Acc=96.86% | Precision=97.46% | Recall=93.87% | MAE=8.8160
  Epoch 010/100 | Val Loss=0.4463 | Acc=97.58% | Precision=95.68% | Recall=97.79% | MAE=4.9132
  Epoch 011/100 | Val Loss=0.4782 | Acc=97.58% | Precision=96.81% | Recall=96.57% | MAE=6.0859
  Epoch 012/100 | Val Loss=0.4252 | Acc=96.95% | Precision=96.52% | Recall=95.10% | MAE=4.7428
  Epoch 013/100 | Val Loss=0.4288 | Acc=97.40% | Precision=96.79% | Recall=96.08% | MAE=4.6460
  Epoch 014/100 | Val Loss=0.4213 | Acc=96.41% | Precision=95.10% | Recall=95.10% | MAE=4.3362
  Epoch 015/100 | Val Loss=0.4549 | Acc=96.95% | Precision=96.06% | Recall=95.59% | MAE=4.8779
  Epoch 016/100 | Val Loss=0.4535 | Acc=97.31% | Precision=98.46% | Recall=94.12% | MAE=3.9364
  Epoch 017/100 | Val Loss=0.5131 | Acc=96.59% | Precision=96.48% | Recall=94.12% | MAE=5.4869
  Epoch 018/100 | Val Loss=0.4894 | Acc=97.31% | Precision=95.87% | Recall=96.81% | MAE=5.3640
  Epoch 019/100 | Val Loss=0.4582 | Acc=97.13% | Precision=97.96% | Recall=94.12% | MAE=3.6506
  Epoch 020/100 | Val Loss=0.4565 | Acc=93.54% | Precision=86.68% | Recall=97.30% | MAE=4.0481
  Epoch 021/100 | Val Loss=0.5676 | Acc=96.41% | Precision=96.94% | Recall=93.14% | MAE=5.3723
  Epoch 022/100 | Val Loss=0.5111 | Acc=96.77% | Precision=97.94% | Recall=93.14% | MAE=4.3783
  Epoch 023/100 | Val Loss=0.4161 | Acc=96.41% | Precision=92.79% | Recall=97.79% | MAE=4.8151
  Epoch 024/100 | Val Loss=0.4126 | Acc=96.50% | Precision=94.67% | Recall=95.83% | MAE=4.3691
  Epoch 025/100 | Val Loss=0.3672 | Acc=97.49% | Precision=97.26% | Recall=95.83% | MAE=3.6453
  Epoch 026/100 | Val Loss=0.4331 | Acc=96.32% | Precision=94.00% | Recall=96.08% | MAE=4.4840
  Epoch 027/100 | Val Loss=0.5726 | Acc=96.77% | Precision=97.45% | Recall=93.63% | MAE=5.2021
  Epoch 028/100 | Val Loss=0.4052 | Acc=97.76% | Precision=96.59% | Recall=97.30% | MAE=4.3005
  Epoch 029/100 | Val Loss=0.3614 | Acc=96.77% | Precision=95.15% | Recall=96.08% | MAE=3.4311
  Epoch 030/100 | Val Loss=0.3864 | Acc=96.77% | Precision=96.27% | Recall=94.85% | MAE=3.4098
  Epoch 031/100 | Val Loss=0.4007 | Acc=96.14% | Precision=94.19% | Recall=95.34% | MAE=3.5897
  Epoch 032/100 | Val Loss=0.4957 | Acc=96.95% | Precision=97.46% | Recall=94.12% | MAE=4.6724
  Epoch 033/100 | Val Loss=0.4333 | Acc=97.13% | Precision=98.21% | Recall=93.87% | MAE=3.5993
  Epoch 034/100 | Val Loss=0.4059 | Acc=95.25% | Precision=90.07% | Recall=97.79% | MAE=3.5793
  Epoch 035/100 | Val Loss=0.4927 | Acc=96.77% | Precision=96.97% | Recall=94.12% | MAE=4.4454
  Epoch 036/100 | Val Loss=0.3798 | Acc=96.05% | Precision=92.92% | Recall=96.57% | MAE=3.3735
  Epoch 037/100 | Val Loss=0.4488 | Acc=96.95% | Precision=97.22% | Recall=94.36% | MAE=3.3974
  Epoch 038/100 | Val Loss=0.4528 | Acc=96.86% | Precision=96.05% | Recall=95.34% | MAE=4.6763
  Epoch 039/100 | Val Loss=0.5026 | Acc=96.23% | Precision=94.42% | Recall=95.34% | MAE=4.8501
  Epoch 040/100 | Val Loss=0.5317 | Acc=97.04% | Precision=95.40% | Recall=96.57% | MAE=5.7470
  Epoch 041/100 | Val Loss=0.5114 | Acc=96.68% | Precision=96.73% | Recall=94.12% | MAE=5.0257
  Epoch 042/100 | Val Loss=0.6754 | Acc=96.05% | Precision=95.50% | Recall=93.63% | MAE=6.8108
  Epoch 043/100 | Val Loss=0.4614 | Acc=95.07% | Precision=91.33% | Recall=95.59% | MAE=4.2180
  Epoch 044/100 | Val Loss=0.4631 | Acc=96.23% | Precision=96.68% | Recall=92.89% | MAE=3.5560
  Epoch 045/100 | Val Loss=0.5067 | Acc=96.95% | Precision=96.29% | Recall=95.34% | MAE=4.9340
  Epoch 046/100 | Val Loss=0.4156 | Acc=96.68% | Precision=96.73% | Recall=94.12% | MAE=3.3479
  Epoch 047/100 | Val Loss=0.4885 | Acc=96.50% | Precision=95.56% | Recall=94.85% | MAE=3.8286
  Epoch 048/100 | Val Loss=0.3977 | Acc=96.14% | Precision=94.40% | Recall=95.10% | MAE=3.3528
  Epoch 049/100 | Val Loss=0.3655 | Acc=96.86% | Precision=95.38% | Recall=96.08% | MAE=2.9100
  Epoch 050/100 | Val Loss=0.4240 | Acc=96.77% | Precision=96.97% | Recall=94.12% | MAE=3.1907
  Epoch 051/100 | Val Loss=0.3935 | Acc=96.50% | Precision=95.33% | Recall=95.10% | MAE=3.4030
  Epoch 052/100 | Val Loss=0.5341 | Acc=96.23% | Precision=95.07% | Recall=94.61% | MAE=5.2018
  Epoch 053/100 | Val Loss=0.3937 | Acc=96.50% | Precision=95.78% | Recall=94.61% | MAE=3.4249
  Epoch 054/100 | Val Loss=0.4423 | Acc=96.41% | Precision=96.46% | Recall=93.63% | MAE=3.1196
  Epoch 055/100 | Val Loss=0.3746 | Acc=96.59% | Precision=94.47% | Recall=96.32% | MAE=2.9958
  Epoch 056/100 | Val Loss=0.4021 | Acc=96.86% | Precision=96.28% | Recall=95.10% | MAE=3.2353
  Epoch 057/100 | Val Loss=0.4373 | Acc=96.77% | Precision=96.97% | Recall=94.12% | MAE=3.3052
  Epoch 058/100 | Val Loss=0.4816 | Acc=96.59% | Precision=96.48% | Recall=94.12% | MAE=4.3654
  Epoch 059/100 | Val Loss=0.4120 | Acc=96.77% | Precision=96.04% | Recall=95.10% | MAE=3.4113
  Epoch 060/100 | Val Loss=0.4524 | Acc=96.59% | Precision=95.79% | Recall=94.85% | MAE=3.2563
  Epoch 061/100 | Val Loss=0.3899 | Acc=96.50% | Precision=95.78% | Recall=94.61% | MAE=2.9423
  Epoch 062/100 | Val Loss=0.5345 | Acc=96.95% | Precision=96.75% | Recall=94.85% | MAE=5.5031
  Epoch 063/100 | Val Loss=0.3626 | Acc=96.32% | Precision=95.53% | Recall=94.36% | MAE=2.8013
  Epoch 064/100 | Val Loss=0.4828 | Acc=96.41% | Precision=94.23% | Recall=96.08% | MAE=4.8221
  Epoch 065/100 | Val Loss=0.4072 | Acc=96.77% | Precision=96.50% | Recall=94.61% | MAE=3.3797
  Epoch 066/100 | Val Loss=0.4487 | Acc=96.95% | Precision=96.75% | Recall=94.85% | MAE=4.1388
  Epoch 067/100 | Val Loss=0.3451 | Acc=97.22% | Precision=96.54% | Recall=95.83% | MAE=2.8490
  Epoch 068/100 | Val Loss=0.3734 | Acc=96.41% | Precision=94.66% | Recall=95.59% | MAE=3.0224
  Epoch 069/100 | Val Loss=0.4427 | Acc=96.50% | Precision=96.71% | Recall=93.63% | MAE=3.5581
  Epoch 070/100 | Val Loss=0.4447 | Acc=96.23% | Precision=93.99% | Recall=95.83% | MAE=3.9715
  Epoch 071/100 | Val Loss=0.4418 | Acc=96.32% | Precision=95.76% | Recall=94.12% | MAE=4.2900
  Epoch 072/100 | Val Loss=0.3791 | Acc=96.86% | Precision=95.60% | Recall=95.83% | MAE=2.9973
  Epoch 073/100 | Val Loss=0.3981 | Acc=97.04% | Precision=96.53% | Recall=95.34% | MAE=3.3005
  Epoch 074/100 | Val Loss=0.3827 | Acc=96.68% | Precision=94.27% | Recall=96.81% | MAE=3.3043
  Epoch 075/100 | Val Loss=0.4285 | Acc=96.68% | Precision=97.93% | Recall=92.89% | MAE=3.0558
  Epoch 076/100 | Val Loss=0.4709 | Acc=96.14% | Precision=94.84% | Recall=94.61% | MAE=4.4868
  Epoch 077/100 | Val Loss=0.4033 | Acc=96.50% | Precision=96.71% | Recall=93.63% | MAE=2.9402
  Epoch 078/100 | Val Loss=0.4365 | Acc=96.86% | Precision=96.28% | Recall=95.10% | MAE=4.2262
  Epoch 079/100 | Val Loss=0.4722 | Acc=97.04% | Precision=96.76% | Recall=95.10% | MAE=4.5386
  Epoch 080/100 | Val Loss=0.4577 | Acc=95.78% | Precision=93.29% | Recall=95.34% | MAE=4.0930
  Epoch 081/100 | Val Loss=0.3719 | Acc=96.77% | Precision=95.81% | Recall=95.34% | MAE=3.0096
  Epoch 082/100 | Val Loss=0.5979 | Acc=96.05% | Precision=94.61% | Recall=94.61% | MAE=6.7250
  Epoch 083/100 | Val Loss=0.4063 | Acc=95.87% | Precision=93.30% | Recall=95.59% | MAE=3.5213
  Epoch 084/100 | Val Loss=0.3569 | Acc=97.04% | Precision=94.96% | Recall=97.06% | MAE=2.6707
  Epoch 085/100 | Val Loss=0.5766 | Acc=96.86% | Precision=96.98% | Recall=94.36% | MAE=5.5381
  Epoch 086/100 | Val Loss=0.3875 | Acc=95.61% | Precision=92.84% | Recall=95.34% | MAE=2.8161
  Epoch 087/100 | Val Loss=0.3447 | Acc=96.95% | Precision=96.75% | Recall=94.85% | MAE=2.4356
  Epoch 088/100 | Val Loss=0.4207 | Acc=96.14% | Precision=94.40% | Recall=95.10% | MAE=3.6387
  Epoch 089/100 | Val Loss=0.4191 | Acc=96.86% | Precision=96.98% | Recall=94.36% | MAE=3.2360
  Epoch 090/100 | Val Loss=0.6279 | Acc=96.86% | Precision=96.74% | Recall=94.61% | MAE=6.0175
  Epoch 091/100 | Val Loss=0.4917 | Acc=97.13% | Precision=97.24% | Recall=94.85% | MAE=3.6149
  Epoch 092/100 | Val Loss=0.4114 | Acc=96.86% | Precision=97.22% | Recall=94.12% | MAE=2.9116
  Epoch 093/100 | Val Loss=0.5489 | Acc=96.23% | Precision=94.63% | Recall=95.10% | MAE=5.2941
  Epoch 094/100 | Val Loss=0.5011 | Acc=97.40% | Precision=97.73% | Recall=95.10% | MAE=4.6901
  Epoch 095/100 | Val Loss=0.3483 | Acc=97.04% | Precision=96.53% | Recall=95.34% | MAE=2.7487
  Epoch 096/100 | Val Loss=0.3575 | Acc=96.95% | Precision=95.61% | Recall=96.08% | MAE=2.7382
  Epoch 097/100 | Val Loss=0.3649 | Acc=97.13% | Precision=95.63% | Recall=96.57% | MAE=2.7350
  Epoch 098/100 | Val Loss=0.7057 | Acc=96.32% | Precision=95.09% | Recall=94.85% | MAE=7.6363
  Epoch 099/100 | Val Loss=0.4250 | Acc=96.59% | Precision=96.25% | Recall=94.36% | MAE=3.3797
  Epoch 100/100 | Val Loss=0.3673 | Acc=96.77% | Precision=96.97% | Recall=94.12% | MAE=2.4889
SMAC trial 7/10 | LR=0.001 | WD=1e-07 | loss_weight=0.1
  Epoch 001/100 | Val Loss=2.8277 | Acc=56.95% | Precision=33.64% | Recall=18.14% | MAE=27.0814
  Epoch 002/100 | Val Loss=1.1840 | Acc=82.60% | Precision=68.26% | Recall=98.04% | MAE=13.5713
  Epoch 003/100 | Val Loss=0.8745 | Acc=94.26% | Precision=89.09% | Recall=96.08% | MAE=11.0259
  Epoch 004/100 | Val Loss=0.8363 | Acc=96.41% | Precision=96.46% | Recall=93.63% | MAE=9.9718
  Epoch 005/100 | Val Loss=0.8152 | Acc=96.68% | Precision=94.48% | Recall=96.57% | MAE=10.6065
  Epoch 006/100 | Val Loss=0.5818 | Acc=96.68% | Precision=98.94% | Recall=91.91% | MAE=6.4202
  Epoch 007/100 | Val Loss=0.6140 | Acc=96.77% | Precision=94.50% | Recall=96.81% | MAE=7.8692
  Epoch 008/100 | Val Loss=0.5332 | Acc=96.14% | Precision=92.94% | Recall=96.81% | MAE=6.2136
  Epoch 009/100 | Val Loss=0.6301 | Acc=97.22% | Precision=97.72% | Recall=94.61% | MAE=7.4256
  Epoch 010/100 | Val Loss=0.5403 | Acc=97.04% | Precision=96.76% | Recall=95.10% | MAE=6.5165
  Epoch 011/100 | Val Loss=0.7079 | Acc=97.22% | Precision=95.86% | Recall=96.57% | MAE=9.7872
  Epoch 012/100 | Val Loss=0.5165 | Acc=97.40% | Precision=98.22% | Recall=94.61% | MAE=5.7618
  Epoch 013/100 | Val Loss=0.5182 | Acc=97.49% | Precision=96.80% | Recall=96.32% | MAE=5.6408
  Epoch 014/100 | Val Loss=0.5786 | Acc=96.68% | Precision=94.92% | Recall=96.08% | MAE=7.0597
  Epoch 015/100 | Val Loss=1.1011 | Acc=96.77% | Precision=97.69% | Recall=93.38% | MAE=14.2542
  Epoch 016/100 | Val Loss=0.4589 | Acc=95.34% | Precision=91.98% | Recall=95.59% | MAE=4.7557
  Epoch 017/100 | Val Loss=0.4991 | Acc=97.22% | Precision=98.71% | Recall=93.63% | MAE=5.1278
  Epoch 018/100 | Val Loss=0.8376 | Acc=93.45% | Precision=98.55% | Recall=83.33% | MAE=7.4468
  Epoch 019/100 | Val Loss=0.4330 | Acc=97.04% | Precision=96.76% | Recall=95.10% | MAE=4.1906
  Epoch 020/100 | Val Loss=0.8310 | Acc=97.31% | Precision=99.22% | Recall=93.38% | MAE=10.0037
  Epoch 021/100 | Val Loss=0.6059 | Acc=97.22% | Precision=96.77% | Recall=95.59% | MAE=6.8582
  Epoch 022/100 | Val Loss=0.5836 | Acc=97.49% | Precision=96.57% | Recall=96.57% | MAE=6.7246
  Epoch 023/100 | Val Loss=0.4177 | Acc=97.04% | Precision=96.53% | Recall=95.34% | MAE=4.4531
  Epoch 024/100 | Val Loss=0.4704 | Acc=97.13% | Precision=96.53% | Recall=95.59% | MAE=5.1370
  Epoch 025/100 | Val Loss=0.4098 | Acc=96.14% | Precision=93.98% | Recall=95.59% | MAE=4.1435
  Epoch 026/100 | Val Loss=0.5769 | Acc=96.77% | Precision=97.21% | Recall=93.87% | MAE=6.7587
  Epoch 027/100 | Val Loss=0.4387 | Acc=97.22% | Precision=96.31% | Recall=96.08% | MAE=4.5828
  Epoch 028/100 | Val Loss=0.3969 | Acc=97.40% | Precision=95.88% | Recall=97.06% | MAE=3.9958
  Epoch 029/100 | Val Loss=0.4414 | Acc=97.13% | Precision=97.47% | Recall=94.61% | MAE=4.5308
  Epoch 030/100 | Val Loss=0.4875 | Acc=95.52% | Precision=91.06% | Recall=97.30% | MAE=4.6474
  Epoch 031/100 | Val Loss=0.4498 | Acc=96.23% | Precision=95.52% | Recall=94.12% | MAE=4.5653
  Epoch 032/100 | Val Loss=0.8597 | Acc=97.58% | Precision=97.98% | Recall=95.34% | MAE=10.8627
  Epoch 033/100 | Val Loss=0.4095 | Acc=97.40% | Precision=97.26% | Recall=95.59% | MAE=4.1037
  Epoch 034/100 | Val Loss=0.4647 | Acc=97.49% | Precision=98.22% | Recall=94.85% | MAE=4.4378
  Epoch 035/100 | Val Loss=0.5738 | Acc=96.50% | Precision=92.81% | Recall=98.04% | MAE=6.9133
  Epoch 036/100 | Val Loss=0.4475 | Acc=97.76% | Precision=96.37% | Recall=97.55% | MAE=4.6864
  Epoch 037/100 | Val Loss=0.7389 | Acc=96.41% | Precision=95.10% | Recall=95.10% | MAE=9.2008
  Epoch 038/100 | Val Loss=0.4319 | Acc=96.86% | Precision=95.38% | Recall=96.08% | MAE=3.8965
  Epoch 039/100 | Val Loss=0.4452 | Acc=96.59% | Precision=94.90% | Recall=95.83% | MAE=4.3914
  Epoch 040/100 | Val Loss=0.4652 | Acc=97.31% | Precision=97.73% | Recall=94.85% | MAE=4.7994
  Epoch 041/100 | Val Loss=0.3760 | Acc=94.62% | Precision=88.67% | Recall=97.79% | MAE=3.2818
  Epoch 042/100 | Val Loss=0.5006 | Acc=97.49% | Precision=98.97% | Recall=94.12% | MAE=5.7855
  Epoch 043/100 | Val Loss=0.4253 | Acc=97.31% | Precision=96.78% | Recall=95.83% | MAE=4.6257
  Epoch 044/100 | Val Loss=0.4242 | Acc=96.32% | Precision=93.79% | Recall=96.32% | MAE=3.7434
  Epoch 045/100 | Val Loss=0.5789 | Acc=95.34% | Precision=99.17% | Recall=87.99% | MAE=4.2645
  Epoch 046/100 | Val Loss=0.3667 | Acc=97.40% | Precision=98.22% | Recall=94.61% | MAE=3.5363
  Epoch 047/100 | Val Loss=0.5179 | Acc=94.08% | Precision=88.51% | Recall=96.32% | MAE=4.2718
  Epoch 048/100 | Val Loss=0.4507 | Acc=97.49% | Precision=96.57% | Recall=96.57% | MAE=4.7143
  Epoch 049/100 | Val Loss=0.3992 | Acc=97.67% | Precision=98.72% | Recall=94.85% | MAE=3.9839
  Epoch 050/100 | Val Loss=0.4546 | Acc=97.04% | Precision=95.40% | Recall=96.57% | MAE=4.3778
  Epoch 051/100 | Val Loss=0.4236 | Acc=97.22% | Precision=97.48% | Recall=94.85% | MAE=3.4745
  Epoch 052/100 | Val Loss=0.4090 | Acc=96.41% | Precision=95.54% | Recall=94.61% | MAE=3.9426
  Epoch 053/100 | Val Loss=0.3997 | Acc=96.41% | Precision=95.10% | Recall=95.10% | MAE=3.3691
  Epoch 054/100 | Val Loss=0.4571 | Acc=97.04% | Precision=98.20% | Recall=93.63% | MAE=4.2961
  Epoch 055/100 | Val Loss=0.4443 | Acc=96.41% | Precision=92.79% | Recall=97.79% | MAE=4.4411
  Epoch 056/100 | Val Loss=0.3581 | Acc=96.41% | Precision=92.79% | Recall=97.79% | MAE=3.0420
  Epoch 057/100 | Val Loss=0.4316 | Acc=94.53% | Precision=88.30% | Recall=98.04% | MAE=3.6725
  Epoch 058/100 | Val Loss=0.4088 | Acc=94.98% | Precision=90.55% | Recall=96.32% | MAE=2.9802
  Epoch 059/100 | Val Loss=0.6338 | Acc=97.67% | Precision=97.04% | Recall=96.57% | MAE=7.0651
  Epoch 060/100 | Val Loss=0.5366 | Acc=96.14% | Precision=93.35% | Recall=96.32% | MAE=5.5389
  Epoch 061/100 | Val Loss=0.4893 | Acc=97.85% | Precision=97.06% | Recall=97.06% | MAE=3.9125
  Epoch 062/100 | Val Loss=0.5380 | Acc=95.43% | Precision=91.61% | Recall=96.32% | MAE=5.0633
  Epoch 063/100 | Val Loss=0.5233 | Acc=96.77% | Precision=96.27% | Recall=94.85% | MAE=4.9751
  Epoch 064/100 | Val Loss=0.4616 | Acc=95.87% | Precision=91.32% | Recall=98.04% | MAE=3.2517
  Epoch 065/100 | Val Loss=0.5533 | Acc=97.31% | Precision=99.48% | Recall=93.14% | MAE=4.7971
  Epoch 066/100 | Val Loss=0.5737 | Acc=96.86% | Precision=95.82% | Recall=95.59% | MAE=6.5280
  Epoch 067/100 | Val Loss=0.3692 | Acc=96.50% | Precision=93.01% | Recall=97.79% | MAE=3.2644
  Epoch 068/100 | Val Loss=0.4108 | Acc=96.95% | Precision=95.83% | Recall=95.83% | MAE=3.1364
  Epoch 069/100 | Val Loss=0.4907 | Acc=97.49% | Precision=95.89% | Recall=97.30% | MAE=4.6349
  Epoch 070/100 | Val Loss=0.4339 | Acc=97.13% | Precision=96.31% | Recall=95.83% | MAE=3.6436
  Epoch 071/100 | Val Loss=0.4468 | Acc=97.40% | Precision=96.33% | Recall=96.57% | MAE=3.8763
  Epoch 072/100 | Val Loss=0.5833 | Acc=97.22% | Precision=95.64% | Recall=96.81% | MAE=5.9178
  Epoch 073/100 | Val Loss=0.6945 | Acc=97.04% | Precision=98.45% | Recall=93.38% | MAE=7.6284
  Epoch 074/100 | Val Loss=0.5843 | Acc=97.04% | Precision=96.99% | Recall=94.85% | MAE=6.4443
  Epoch 075/100 | Val Loss=0.3808 | Acc=96.77% | Precision=95.15% | Recall=96.08% | MAE=3.4047
  Epoch 076/100 | Val Loss=0.3678 | Acc=96.41% | Precision=93.60% | Recall=96.81% | MAE=2.9689
  Epoch 077/100 | Val Loss=0.6029 | Acc=96.77% | Precision=98.69% | Recall=92.40% | MAE=5.7746
  Epoch 078/100 | Val Loss=0.3887 | Acc=95.87% | Precision=91.51% | Recall=97.79% | MAE=3.2275
  Epoch 079/100 | Val Loss=0.4346 | Acc=97.22% | Precision=94.77% | Recall=97.79% | MAE=3.9607
  Epoch 080/100 | Val Loss=0.4149 | Acc=95.61% | Precision=92.04% | Recall=96.32% | MAE=3.4688
  Epoch 081/100 | Val Loss=0.4265 | Acc=97.76% | Precision=97.52% | Recall=96.32% | MAE=3.3018
  Epoch 082/100 | Val Loss=0.7087 | Acc=95.78% | Precision=92.67% | Recall=96.08% | MAE=7.7780
  Epoch 083/100 | Val Loss=0.3994 | Acc=96.86% | Precision=95.60% | Recall=95.83% | MAE=2.8075
  Epoch 084/100 | Val Loss=0.4364 | Acc=97.22% | Precision=97.01% | Recall=95.34% | MAE=4.1556
  Epoch 085/100 | Val Loss=0.3990 | Acc=95.96% | Precision=95.26% | Recall=93.63% | MAE=2.9985
  Epoch 086/100 | Val Loss=0.3774 | Acc=97.13% | Precision=95.19% | Recall=97.06% | MAE=3.4464
  Epoch 087/100 | Val Loss=0.4813 | Acc=97.49% | Precision=97.26% | Recall=95.83% | MAE=4.3377
  Epoch 088/100 | Val Loss=0.6380 | Acc=96.68% | Precision=95.35% | Recall=95.59% | MAE=7.0068
  Epoch 089/100 | Val Loss=0.4738 | Acc=94.26% | Precision=87.72% | Recall=98.04% | MAE=3.6725
  Epoch 090/100 | Val Loss=0.5247 | Acc=96.68% | Precision=97.93% | Recall=92.89% | MAE=4.8016
  Epoch 091/100 | Val Loss=0.3989 | Acc=96.23% | Precision=93.36% | Recall=96.57% | MAE=3.9077
  Epoch 092/100 | Val Loss=0.4735 | Acc=97.04% | Precision=96.53% | Recall=95.34% | MAE=4.3097
  Epoch 093/100 | Val Loss=0.3414 | Acc=96.14% | Precision=94.40% | Recall=95.10% | MAE=2.7072
  Epoch 094/100 | Val Loss=0.3177 | Acc=97.22% | Precision=97.24% | Recall=95.10% | MAE=2.5729
  Epoch 095/100 | Val Loss=0.5197 | Acc=97.04% | Precision=94.33% | Recall=97.79% | MAE=5.8821
  Epoch 096/100 | Val Loss=0.5481 | Acc=96.68% | Precision=96.96% | Recall=93.87% | MAE=5.7889
  Epoch 097/100 | Val Loss=0.3953 | Acc=97.04% | Precision=95.40% | Recall=96.57% | MAE=2.9084
  Epoch 098/100 | Val Loss=0.3471 | Acc=97.13% | Precision=96.77% | Recall=95.34% | MAE=3.3754
  Epoch 099/100 | Val Loss=0.4900 | Acc=94.17% | Precision=87.86% | Recall=97.55% | MAE=4.3196
  Epoch 100/100 | Val Loss=0.3568 | Acc=96.95% | Precision=96.98% | Recall=94.61% | MAE=2.8372
SMAC trial 8/10 | LR=1e-06 | WD=1e-07 | loss_weight=1
  Epoch 001/100 | Val Loss=99.7890 | Acc=36.59% | Precision=36.59% | Recall=100.00% | MAE=147.7938
  Epoch 002/100 | Val Loss=99.6058 | Acc=36.68% | Precision=36.62% | Recall=100.00% | MAE=147.5237
  Epoch 003/100 | Val Loss=99.4074 | Acc=44.04% | Precision=39.02% | Recall=94.12% | MAE=147.2565
  Epoch 004/100 | Val Loss=99.2366 | Acc=58.48% | Precision=46.32% | Recall=84.80% | MAE=147.0125
  Epoch 005/100 | Val Loss=99.0791 | Acc=68.61% | Precision=55.16% | Recall=75.98% | MAE=146.7877
  Epoch 006/100 | Val Loss=98.9220 | Acc=75.43% | Precision=65.58% | Recall=69.12% | MAE=146.5641
  Epoch 007/100 | Val Loss=98.7544 | Acc=78.12% | Precision=71.93% | Recall=65.93% | MAE=146.3262
  Epoch 008/100 | Val Loss=98.5744 | Acc=80.81% | Precision=80.12% | Recall=63.24% | MAE=146.0712
  Epoch 009/100 | Val Loss=98.3838 | Acc=81.61% | Precision=83.72% | Recall=61.76% | MAE=145.8020
  Epoch 010/100 | Val Loss=98.1799 | Acc=82.24% | Precision=85.71% | Recall=61.76% | MAE=145.5166
  Epoch 011/100 | Val Loss=97.9647 | Acc=83.05% | Precision=87.37% | Recall=62.75% | MAE=145.2156
  Epoch 012/100 | Val Loss=97.7304 | Acc=83.50% | Precision=88.62% | Recall=62.99% | MAE=144.8886
  Epoch 013/100 | Val Loss=97.4730 | Acc=84.48% | Precision=89.30% | Recall=65.44% | MAE=144.5302
  Epoch 014/100 | Val Loss=97.2127 | Acc=85.20% | Precision=90.10% | Recall=66.91% | MAE=144.1692
  Epoch 015/100 | Val Loss=96.9179 | Acc=86.19% | Precision=90.71% | Recall=69.36% | MAE=143.7600
  Epoch 016/100 | Val Loss=96.6214 | Acc=86.73% | Precision=91.40% | Recall=70.34% | MAE=143.3466
  Epoch 017/100 | Val Loss=96.3070 | Acc=87.26% | Precision=91.05% | Recall=72.30% | MAE=142.9095
  Epoch 018/100 | Val Loss=95.9661 | Acc=87.80% | Precision=91.72% | Recall=73.28% | MAE=142.4344
  Epoch 019/100 | Val Loss=95.5977 | Acc=88.25% | Precision=91.59% | Recall=74.75% | MAE=141.9227
  Epoch 020/100 | Val Loss=95.2037 | Acc=88.79% | Precision=91.99% | Recall=75.98% | MAE=141.3706
  Epoch 021/100 | Val Loss=94.7638 | Acc=89.24% | Precision=92.11% | Recall=77.21% | MAE=140.7542
  Epoch 022/100 | Val Loss=94.3017 | Acc=89.42% | Precision=91.67% | Recall=78.19% | MAE=140.1030
  Epoch 023/100 | Val Loss=93.8250 | Acc=89.33% | Precision=91.64% | Recall=77.94% | MAE=139.4259
  Epoch 024/100 | Val Loss=93.3030 | Acc=89.69% | Precision=91.74% | Recall=78.92% | MAE=138.6843
  Epoch 025/100 | Val Loss=92.7417 | Acc=89.87% | Precision=91.09% | Recall=80.15% | MAE=137.8797
  Epoch 026/100 | Val Loss=92.1328 | Acc=90.31% | Precision=91.21% | Recall=81.37% | MAE=137.0033
  Epoch 027/100 | Val Loss=91.4867 | Acc=90.04% | Precision=91.14% | Recall=80.64% | MAE=136.0732
  Epoch 028/100 | Val Loss=90.7655 | Acc=90.40% | Precision=90.79% | Recall=82.11% | MAE=135.0276
  Epoch 029/100 | Val Loss=89.9732 | Acc=90.58% | Precision=90.62% | Recall=82.84% | MAE=133.8781
  Epoch 030/100 | Val Loss=89.2129 | Acc=90.67% | Precision=90.86% | Recall=82.84% | MAE=132.7588
  Epoch 031/100 | Val Loss=88.3814 | Acc=90.76% | Precision=90.67% | Recall=83.33% | MAE=131.5397
  Epoch 032/100 | Val Loss=87.4470 | Acc=90.94% | Precision=90.50% | Recall=84.07% | MAE=130.1604
  Epoch 033/100 | Val Loss=86.6627 | Acc=90.76% | Precision=90.88% | Recall=83.09% | MAE=128.9899
  Epoch 034/100 | Val Loss=85.6974 | Acc=91.12% | Precision=91.64% | Recall=83.33% | MAE=127.5579
  Epoch 035/100 | Val Loss=84.6747 | Acc=91.30% | Precision=91.69% | Recall=83.82% | MAE=126.0297
  Epoch 036/100 | Val Loss=83.5498 | Acc=91.48% | Precision=91.73% | Recall=84.31% | MAE=124.3503
  Epoch 037/100 | Val Loss=82.4855 | Acc=91.48% | Precision=91.73% | Recall=84.31% | MAE=122.7459
  Epoch 038/100 | Val Loss=81.2644 | Acc=91.66% | Precision=91.78% | Recall=84.80% | MAE=120.9128
  Epoch 039/100 | Val Loss=80.0806 | Acc=91.84% | Precision=92.04% | Recall=85.05% | MAE=119.1394
  Epoch 040/100 | Val Loss=78.8572 | Acc=92.02% | Precision=92.53% | Recall=85.05% | MAE=117.2903
  Epoch 041/100 | Val Loss=77.5247 | Acc=92.38% | Precision=92.61% | Recall=86.03% | MAE=115.3019
  Epoch 042/100 | Val Loss=76.0101 | Acc=92.83% | Precision=92.71% | Recall=87.25% | MAE=113.0161
  Epoch 043/100 | Val Loss=74.5927 | Acc=92.91% | Precision=92.73% | Recall=87.50% | MAE=110.8776
  Epoch 044/100 | Val Loss=72.7810 | Acc=92.83% | Precision=92.05% | Recall=87.99% | MAE=108.1493
  Epoch 045/100 | Val Loss=71.4810 | Acc=93.00% | Precision=92.75% | Recall=87.75% | MAE=106.1766
  Epoch 046/100 | Val Loss=69.7022 | Acc=93.36% | Precision=93.04% | Recall=88.48% | MAE=103.4970
  Epoch 047/100 | Val Loss=68.3323 | Acc=93.45% | Precision=93.28% | Recall=88.48% | MAE=101.4332
  Epoch 048/100 | Val Loss=66.1898 | Acc=93.72% | Precision=93.11% | Recall=89.46% | MAE=98.2366
  Epoch 049/100 | Val Loss=64.5862 | Acc=93.72% | Precision=93.33% | Recall=89.22% | MAE=95.8146
  Epoch 050/100 | Val Loss=62.5869 | Acc=93.90% | Precision=93.37% | Recall=89.71% | MAE=92.8136
  Epoch 051/100 | Val Loss=60.4104 | Acc=94.17% | Precision=93.20% | Recall=90.69% | MAE=89.5471
  Epoch 052/100 | Val Loss=58.5561 | Acc=94.08% | Precision=93.40% | Recall=90.20% | MAE=86.7773
  Epoch 053/100 | Val Loss=56.1252 | Acc=94.35% | Precision=93.23% | Recall=91.18% | MAE=83.1981
  Epoch 054/100 | Val Loss=54.8710 | Acc=94.17% | Precision=93.42% | Recall=90.44% | MAE=81.3351
  Epoch 055/100 | Val Loss=52.6576 | Acc=94.35% | Precision=93.23% | Recall=91.18% | MAE=78.0906
  Epoch 056/100 | Val Loss=50.6066 | Acc=94.44% | Precision=93.47% | Recall=91.18% | MAE=75.1019
  Epoch 057/100 | Val Loss=48.6606 | Acc=94.71% | Precision=93.95% | Recall=91.42% | MAE=72.2716
  Epoch 058/100 | Val Loss=46.3263 | Acc=94.80% | Precision=94.19% | Recall=91.42% | MAE=68.8935
  Epoch 059/100 | Val Loss=43.8010 | Acc=94.80% | Precision=93.53% | Recall=92.16% | MAE=65.2365
  Epoch 060/100 | Val Loss=41.6753 | Acc=94.89% | Precision=93.77% | Recall=92.16% | MAE=62.1220
  Epoch 061/100 | Val Loss=39.6811 | Acc=94.89% | Precision=93.77% | Recall=92.16% | MAE=59.2338
  Epoch 062/100 | Val Loss=37.0700 | Acc=94.80% | Precision=93.53% | Recall=92.16% | MAE=55.4069
  Epoch 063/100 | Val Loss=33.9971 | Acc=94.62% | Precision=93.07% | Recall=92.16% | MAE=50.8454
  Epoch 064/100 | Val Loss=32.8892 | Acc=94.80% | Precision=93.53% | Recall=92.16% | MAE=49.1084
  Epoch 065/100 | Val Loss=30.3977 | Acc=94.89% | Precision=93.77% | Recall=92.16% | MAE=45.4296
  Epoch 066/100 | Val Loss=28.3813 | Acc=95.07% | Precision=93.80% | Recall=92.65% | MAE=42.4149
  Epoch 067/100 | Val Loss=25.9033 | Acc=95.16% | Precision=93.60% | Recall=93.14% | MAE=38.6936
  Epoch 068/100 | Val Loss=24.8011 | Acc=95.07% | Precision=94.01% | Recall=92.40% | MAE=36.9729
  Epoch 069/100 | Val Loss=22.8603 | Acc=94.80% | Precision=93.10% | Recall=92.65% | MAE=34.0075
  Epoch 070/100 | Val Loss=21.9551 | Acc=94.98% | Precision=93.35% | Recall=92.89% | MAE=32.6136
  Epoch 071/100 | Val Loss=20.0752 | Acc=94.89% | Precision=93.12% | Recall=92.89% | MAE=29.6274
  Epoch 072/100 | Val Loss=19.4187 | Acc=94.98% | Precision=93.56% | Recall=92.65% | MAE=28.5793
  Epoch 073/100 | Val Loss=18.5197 | Acc=94.80% | Precision=93.10% | Recall=92.65% | MAE=27.0559
  Epoch 074/100 | Val Loss=17.2666 | Acc=94.62% | Precision=92.65% | Recall=92.65% | MAE=25.0052
  Epoch 075/100 | Val Loss=16.4623 | Acc=94.89% | Precision=93.12% | Recall=92.89% | MAE=23.6852
  Epoch 076/100 | Val Loss=15.8160 | Acc=94.98% | Precision=92.93% | Recall=93.38% | MAE=22.6393
  Epoch 077/100 | Val Loss=15.2473 | Acc=95.16% | Precision=92.55% | Recall=94.36% | MAE=21.7478
  Epoch 078/100 | Val Loss=14.8077 | Acc=95.43% | Precision=93.43% | Recall=94.12% | MAE=20.9926
  Epoch 079/100 | Val Loss=14.2869 | Acc=94.98% | Precision=92.31% | Recall=94.12% | MAE=20.1218
  Epoch 080/100 | Val Loss=13.9656 | Acc=95.25% | Precision=92.98% | Recall=94.12% | MAE=19.5639
  Epoch 081/100 | Val Loss=13.4972 | Acc=95.16% | Precision=92.55% | Recall=94.36% | MAE=18.8462
  Epoch 082/100 | Val Loss=13.2902 | Acc=95.07% | Precision=92.74% | Recall=93.87% | MAE=18.5864
  Epoch 083/100 | Val Loss=12.8773 | Acc=95.16% | Precision=92.96% | Recall=93.87% | MAE=17.9539
  Epoch 084/100 | Val Loss=12.2953 | Acc=95.34% | Precision=92.79% | Recall=94.61% | MAE=16.9807
  Epoch 085/100 | Val Loss=12.2724 | Acc=94.98% | Precision=92.72% | Recall=93.63% | MAE=16.9408
  Epoch 086/100 | Val Loss=11.9996 | Acc=95.07% | Precision=92.74% | Recall=93.87% | MAE=16.5028
  Epoch 087/100 | Val Loss=11.9884 | Acc=95.25% | Precision=93.19% | Recall=93.87% | MAE=16.5016
  Epoch 088/100 | Val Loss=11.6545 | Acc=95.34% | Precision=93.41% | Recall=93.87% | MAE=15.9402
  Epoch 089/100 | Val Loss=11.3317 | Acc=95.34% | Precision=93.20% | Recall=94.12% | MAE=15.4122
  Epoch 090/100 | Val Loss=11.1909 | Acc=95.43% | Precision=93.43% | Recall=94.12% | MAE=15.2348
  Epoch 091/100 | Val Loss=10.9449 | Acc=95.34% | Precision=93.20% | Recall=94.12% | MAE=14.8199
  Epoch 092/100 | Val Loss=10.4726 | Acc=95.25% | Precision=92.77% | Recall=94.36% | MAE=14.0506
  Epoch 093/100 | Val Loss=10.4483 | Acc=95.16% | Precision=92.75% | Recall=94.12% | MAE=14.0356
  Epoch 094/100 | Val Loss=10.2323 | Acc=95.16% | Precision=92.75% | Recall=94.12% | MAE=13.7116
  Epoch 095/100 | Val Loss=9.9272 | Acc=95.25% | Precision=92.77% | Recall=94.36% | MAE=13.1880
  Epoch 096/100 | Val Loss=9.9554 | Acc=95.25% | Precision=92.98% | Recall=94.12% | MAE=13.2260
  Epoch 097/100 | Val Loss=9.8737 | Acc=95.16% | Precision=92.75% | Recall=94.12% | MAE=13.1133
  Epoch 098/100 | Val Loss=9.6158 | Acc=95.16% | Precision=92.75% | Recall=94.12% | MAE=12.6765
  Epoch 099/100 | Val Loss=9.6590 | Acc=95.25% | Precision=92.98% | Recall=94.12% | MAE=12.7594
  Epoch 100/100 | Val Loss=9.5152 | Acc=95.16% | Precision=92.75% | Recall=94.12% | MAE=12.5855
SMAC trial 9/10 | LR=1e-05 | WD=1e-06 | loss_weight=10
  Epoch 001/100 | Val Loss=986.6580 | Acc=36.68% | Precision=36.62% | Recall=100.00% | MAE=147.0413
  Epoch 002/100 | Val Loss=965.0584 | Acc=57.22% | Precision=45.94% | Recall=95.59% | MAE=143.8267
  Epoch 003/100 | Val Loss=916.3397 | Acc=78.12% | Precision=63.27% | Recall=95.83% | MAE=136.6920
  Epoch 004/100 | Val Loss=834.0969 | Acc=90.13% | Precision=82.82% | Recall=92.16% | MAE=124.6145
  Epoch 005/100 | Val Loss=706.9079 | Acc=92.29% | Precision=87.62% | Recall=91.91% | MAE=105.4948
  Epoch 006/100 | Val Loss=516.8447 | Acc=93.45% | Precision=89.79% | Recall=92.65% | MAE=77.0759
  Epoch 007/100 | Val Loss=270.0091 | Acc=92.02% | Precision=85.05% | Recall=94.85% | MAE=40.8795
  Epoch 008/100 | Val Loss=165.6880 | Acc=93.81% | Precision=90.84% | Recall=92.40% | MAE=23.7950
  Epoch 009/100 | Val Loss=168.2973 | Acc=94.35% | Precision=90.78% | Recall=94.12% | MAE=24.4056
  Epoch 010/100 | Val Loss=124.3133 | Acc=93.90% | Precision=91.26% | Recall=92.16% | MAE=17.5983
  Epoch 011/100 | Val Loss=92.6619 | Acc=94.08% | Precision=90.71% | Recall=93.38% | MAE=12.9464
  Epoch 012/100 | Val Loss=77.6733 | Acc=93.36% | Precision=91.54% | Recall=90.20% | MAE=10.4352
  Epoch 013/100 | Val Loss=76.3974 | Acc=92.11% | Precision=88.65% | Recall=89.95% | MAE=10.3864
  Epoch 014/100 | Val Loss=68.4874 | Acc=92.11% | Precision=90.20% | Recall=87.99% | MAE=9.2376
  Epoch 015/100 | Val Loss=58.3445 | Acc=91.66% | Precision=86.37% | Recall=91.67% | MAE=7.4189
  Epoch 016/100 | Val Loss=58.3012 | Acc=91.21% | Precision=89.54% | Recall=86.03% | MAE=7.7479
  Epoch 017/100 | Val Loss=54.7444 | Acc=91.57% | Precision=86.68% | Recall=90.93% | MAE=7.2997
  Epoch 018/100 | Val Loss=49.0016 | Acc=91.48% | Precision=86.14% | Recall=91.42% | MAE=6.4103
  Epoch 019/100 | Val Loss=45.3414 | Acc=91.21% | Precision=89.74% | Recall=85.78% | MAE=5.8830
  Epoch 020/100 | Val Loss=42.8572 | Acc=91.30% | Precision=88.40% | Recall=87.75% | MAE=5.5529
  Epoch 021/100 | Val Loss=41.7484 | Acc=91.84% | Precision=87.83% | Recall=90.20% | MAE=5.4839
  Epoch 022/100 | Val Loss=41.9648 | Acc=91.39% | Precision=88.05% | Recall=88.48% | MAE=5.5214
  Epoch 023/100 | Val Loss=49.1461 | Acc=90.49% | Precision=86.65% | Recall=87.50% | MAE=6.7474
  Epoch 024/100 | Val Loss=39.9847 | Acc=91.21% | Precision=85.07% | Recall=92.16% | MAE=5.2028
  Epoch 025/100 | Val Loss=58.1811 | Acc=90.49% | Precision=89.32% | Recall=84.07% | MAE=8.1857
  Epoch 026/100 | Val Loss=44.7299 | Acc=90.49% | Precision=87.75% | Recall=86.03% | MAE=5.9467
  Epoch 027/100 | Val Loss=42.0254 | Acc=91.39% | Precision=88.05% | Recall=88.48% | MAE=5.7373
  Epoch 028/100 | Val Loss=33.4890 | Acc=90.04% | Precision=85.44% | Recall=87.75% | MAE=4.5059
  Epoch 029/100 | Val Loss=34.4788 | Acc=91.21% | Precision=89.95% | Recall=85.54% | MAE=4.6535
  Epoch 030/100 | Val Loss=31.2630 | Acc=90.49% | Precision=89.32% | Recall=84.07% | MAE=4.2647
  Epoch 031/100 | Val Loss=30.9840 | Acc=91.48% | Precision=89.42% | Recall=87.01% | MAE=4.3063
  Epoch 032/100 | Val Loss=30.8686 | Acc=91.03% | Precision=87.93% | Recall=87.50% | MAE=4.2351
  Epoch 033/100 | Val Loss=34.4856 | Acc=90.31% | Precision=90.54% | Recall=82.11% | MAE=4.7980
  Epoch 034/100 | Val Loss=32.9509 | Acc=91.39% | Precision=87.68% | Recall=88.97% | MAE=4.6022
  Epoch 035/100 | Val Loss=32.2271 | Acc=90.94% | Precision=88.47% | Recall=86.52% | MAE=4.3152
  Epoch 036/100 | Val Loss=30.4603 | Acc=91.21% | Precision=89.54% | Recall=86.03% | MAE=4.0767
  Epoch 037/100 | Val Loss=30.1978 | Acc=91.57% | Precision=89.25% | Recall=87.50% | MAE=4.1079
  Epoch 038/100 | Val Loss=30.3319 | Acc=90.67% | Precision=90.21% | Recall=83.58% | MAE=4.1755
  Epoch 039/100 | Val Loss=48.1460 | Acc=91.21% | Precision=90.58% | Recall=84.80% | MAE=6.8097
  Epoch 040/100 | Val Loss=29.3771 | Acc=91.75% | Precision=87.44% | Recall=90.44% | MAE=4.0207
  Epoch 041/100 | Val Loss=30.3709 | Acc=91.39% | Precision=90.41% | Recall=85.54% | MAE=4.2839
  Epoch 042/100 | Val Loss=40.5086 | Acc=91.21% | Precision=89.74% | Recall=85.78% | MAE=5.8707
  Epoch 043/100 | Val Loss=29.4665 | Acc=91.30% | Precision=88.02% | Recall=88.24% | MAE=3.9929
  Epoch 044/100 | Val Loss=36.3699 | Acc=91.03% | Precision=90.96% | Recall=83.82% | MAE=5.3147
  Epoch 045/100 | Val Loss=29.7308 | Acc=91.39% | Precision=88.81% | Recall=87.50% | MAE=3.9179
  Epoch 046/100 | Val Loss=42.2076 | Acc=90.58% | Precision=91.97% | Recall=81.37% | MAE=6.0664
  Epoch 047/100 | Val Loss=31.5534 | Acc=90.85% | Precision=89.23% | Recall=85.29% | MAE=4.3208
  Epoch 048/100 | Val Loss=33.2515 | Acc=90.49% | Precision=91.26% | Recall=81.86% | MAE=4.7062
  Epoch 049/100 | Val Loss=26.6551 | Acc=91.75% | Precision=88.54% | Recall=88.97% | MAE=3.5628
  Epoch 050/100 | Val Loss=27.2452 | Acc=91.75% | Precision=91.80% | Recall=85.05% | MAE=3.6926
  Epoch 051/100 | Val Loss=26.1820 | Acc=91.21% | Precision=90.79% | Recall=84.56% | MAE=3.4661
  Epoch 052/100 | Val Loss=32.8653 | Acc=91.57% | Precision=89.05% | Recall=87.75% | MAE=4.5863
  Epoch 053/100 | Val Loss=32.6466 | Acc=91.12% | Precision=91.64% | Recall=83.33% | MAE=4.6146
  Epoch 054/100 | Val Loss=33.7600 | Acc=91.03% | Precision=89.49% | Recall=85.54% | MAE=4.7640
  Epoch 055/100 | Val Loss=26.1309 | Acc=91.66% | Precision=88.70% | Recall=88.48% | MAE=3.5342
  Epoch 056/100 | Val Loss=25.2370 | Acc=91.57% | Precision=89.05% | Recall=87.75% | MAE=3.3000
  Epoch 057/100 | Val Loss=25.2282 | Acc=91.84% | Precision=90.54% | Recall=86.76% | MAE=3.2711
  Epoch 058/100 | Val Loss=25.3948 | Acc=91.03% | Precision=91.18% | Recall=83.58% | MAE=3.5706
  Epoch 059/100 | Val Loss=29.1938 | Acc=91.12% | Precision=89.31% | Recall=86.03% | MAE=4.1247
  Epoch 060/100 | Val Loss=29.7580 | Acc=91.57% | Precision=90.89% | Recall=85.54% | MAE=4.1404
  Epoch 061/100 | Val Loss=28.3262 | Acc=91.66% | Precision=90.91% | Recall=85.78% | MAE=3.9670
  Epoch 062/100 | Val Loss=24.9867 | Acc=91.48% | Precision=90.44% | Recall=85.78% | MAE=3.4466
  Epoch 063/100 | Val Loss=36.7400 | Acc=91.48% | Precision=91.96% | Recall=84.07% | MAE=5.1632
  Epoch 064/100 | Val Loss=29.7591 | Acc=91.93% | Precision=90.15% | Recall=87.50% | MAE=4.0614
  Epoch 065/100 | Val Loss=29.0725 | Acc=91.57% | Precision=88.67% | Recall=88.24% | MAE=3.8330
  Epoch 066/100 | Val Loss=25.7918 | Acc=92.38% | Precision=91.09% | Recall=87.75% | MAE=3.4553
  Epoch 067/100 | Val Loss=25.1106 | Acc=92.20% | Precision=91.05% | Recall=87.25% | MAE=3.3657
  Epoch 068/100 | Val Loss=26.3964 | Acc=92.02% | Precision=91.43% | Recall=86.27% | MAE=3.6394
  Epoch 069/100 | Val Loss=27.1295 | Acc=91.75% | Precision=87.98% | Recall=89.71% | MAE=3.7598
  Epoch 070/100 | Val Loss=28.3293 | Acc=91.84% | Precision=91.60% | Recall=85.54% | MAE=3.9890
  Epoch 071/100 | Val Loss=23.3710 | Acc=92.20% | Precision=90.63% | Recall=87.75% | MAE=3.2214
  Epoch 072/100 | Val Loss=23.0331 | Acc=92.29% | Precision=91.07% | Recall=87.50% | MAE=3.1473
  Epoch 073/100 | Val Loss=25.0746 | Acc=92.20% | Precision=91.47% | Recall=86.76% | MAE=3.4111
  Epoch 074/100 | Val Loss=24.5261 | Acc=92.38% | Precision=91.09% | Recall=87.75% | MAE=3.3107
  Epoch 075/100 | Val Loss=24.7171 | Acc=91.84% | Precision=91.60% | Recall=85.54% | MAE=3.3831
  Epoch 076/100 | Val Loss=23.0536 | Acc=92.02% | Precision=89.00% | Recall=89.22% | MAE=3.2195
  Epoch 077/100 | Val Loss=24.9103 | Acc=91.84% | Precision=94.15% | Recall=82.84% | MAE=3.4965
  Epoch 078/100 | Val Loss=25.3296 | Acc=91.75% | Precision=92.25% | Recall=84.56% | MAE=3.5267
  Epoch 079/100 | Val Loss=23.8100 | Acc=92.47% | Precision=91.33% | Recall=87.75% | MAE=3.2687
  Epoch 080/100 | Val Loss=21.9462 | Acc=92.29% | Precision=89.85% | Recall=88.97% | MAE=3.0455
  Epoch 081/100 | Val Loss=27.5372 | Acc=91.93% | Precision=91.41% | Recall=86.03% | MAE=4.0099
  Epoch 082/100 | Val Loss=24.2309 | Acc=92.65% | Precision=91.79% | Recall=87.75% | MAE=3.3241
  Epoch 083/100 | Val Loss=23.6966 | Acc=91.93% | Precision=91.62% | Recall=85.78% | MAE=3.2082
  Epoch 084/100 | Val Loss=26.0375 | Acc=91.75% | Precision=92.70% | Recall=84.07% | MAE=3.5550
  Epoch 085/100 | Val Loss=41.7478 | Acc=91.93% | Precision=92.74% | Recall=84.56% | MAE=5.9043
  Epoch 086/100 | Val Loss=29.8294 | Acc=92.02% | Precision=92.08% | Recall=85.54% | MAE=4.1334
  Epoch 087/100 | Val Loss=35.4355 | Acc=92.11% | Precision=92.33% | Recall=85.54% | MAE=5.1144
  Epoch 088/100 | Val Loss=24.8611 | Acc=92.38% | Precision=91.73% | Recall=87.01% | MAE=3.4068
  Epoch 089/100 | Val Loss=22.5462 | Acc=92.47% | Precision=92.19% | Recall=86.76% | MAE=3.0515
  Epoch 090/100 | Val Loss=23.2927 | Acc=92.29% | Precision=92.37% | Recall=86.03% | MAE=3.1332
  Epoch 091/100 | Val Loss=24.0421 | Acc=92.38% | Precision=90.89% | Recall=87.99% | MAE=3.2351
  Epoch 092/100 | Val Loss=28.2153 | Acc=91.93% | Precision=93.68% | Recall=83.58% | MAE=3.8367
  Epoch 093/100 | Val Loss=23.3171 | Acc=92.74% | Precision=91.82% | Recall=87.99% | MAE=3.1766
  Epoch 094/100 | Val Loss=23.2686 | Acc=92.20% | Precision=91.69% | Recall=86.52% | MAE=3.2103
  Epoch 095/100 | Val Loss=24.4634 | Acc=92.29% | Precision=91.93% | Recall=86.52% | MAE=3.2315
  Epoch 096/100 | Val Loss=26.5521 | Acc=92.56% | Precision=91.35% | Recall=87.99% | MAE=3.5802
  Epoch 097/100 | Val Loss=24.2813 | Acc=92.65% | Precision=91.37% | Recall=88.24% | MAE=3.2760
  Epoch 098/100 | Val Loss=32.1900 | Acc=91.93% | Precision=93.21% | Recall=84.07% | MAE=4.4917
  Epoch 099/100 | Val Loss=25.3485 | Acc=91.48% | Precision=91.08% | Recall=85.05% | MAE=3.3753
  Epoch 100/100 | Val Loss=25.6188 | Acc=92.47% | Precision=89.90% | Recall=89.46% | MAE=3.4469
SMAC trial 10/10 | LR=1e-05 | WD=1e-05 | loss_weight=10
  Epoch 001/100 | Val Loss=986.6579 | Acc=36.68% | Precision=36.62% | Recall=100.00% | MAE=147.0413
  Epoch 002/100 | Val Loss=965.0675 | Acc=57.31% | Precision=45.99% | Recall=95.59% | MAE=143.8280
  Epoch 003/100 | Val Loss=916.3549 | Acc=78.12% | Precision=63.27% | Recall=95.83% | MAE=136.6943
  Epoch 004/100 | Val Loss=834.1144 | Acc=90.22% | Precision=83.00% | Recall=92.16% | MAE=124.6198
  Epoch 005/100 | Val Loss=706.7864 | Acc=92.29% | Precision=87.62% | Recall=91.91% | MAE=105.4808
  Epoch 006/100 | Val Loss=516.6569 | Acc=93.45% | Precision=89.79% | Recall=92.65% | MAE=77.0605
  Epoch 007/100 | Val Loss=270.4778 | Acc=92.02% | Precision=85.05% | Recall=94.85% | MAE=40.9673
  Epoch 008/100 | Val Loss=165.6005 | Acc=93.81% | Precision=90.84% | Recall=92.40% | MAE=23.7952
  Epoch 009/100 | Val Loss=168.6985 | Acc=94.53% | Precision=91.21% | Recall=94.12% | MAE=24.4822
  Epoch 010/100 | Val Loss=125.3109 | Acc=94.08% | Precision=91.30% | Recall=92.65% | MAE=17.7783
  Epoch 011/100 | Val Loss=92.5662 | Acc=93.99% | Precision=90.89% | Recall=92.89% | MAE=12.9904
  Epoch 012/100 | Val Loss=77.9155 | Acc=93.27% | Precision=91.52% | Recall=89.95% | MAE=10.5558
  Epoch 013/100 | Val Loss=76.3711 | Acc=92.29% | Precision=88.70% | Recall=90.44% | MAE=10.3702
  Epoch 014/100 | Val Loss=66.7137 | Acc=92.20% | Precision=90.02% | Recall=88.48% | MAE=8.9889
  Epoch 015/100 | Val Loss=58.4523 | Acc=91.84% | Precision=86.44% | Recall=92.16% | MAE=7.4393
  Epoch 016/100 | Val Loss=58.0448 | Acc=91.30% | Precision=89.57% | Recall=86.27% | MAE=7.7316
  Epoch 017/100 | Val Loss=53.9017 | Acc=91.39% | Precision=85.94% | Recall=91.42% | MAE=7.1046
  Epoch 018/100 | Val Loss=48.2580 | Acc=91.57% | Precision=86.01% | Recall=91.91% | MAE=6.2834
  Epoch 019/100 | Val Loss=45.2835 | Acc=90.76% | Precision=89.41% | Recall=84.80% | MAE=5.8472
  Epoch 020/100 | Val Loss=43.3849 | Acc=91.39% | Precision=88.24% | Recall=88.24% | MAE=5.6523
  Epoch 021/100 | Val Loss=41.2696 | Acc=91.66% | Precision=87.41% | Recall=90.20% | MAE=5.4035
  Epoch 022/100 | Val Loss=42.5647 | Acc=91.12% | Precision=87.78% | Recall=87.99% | MAE=5.5544
  Epoch 023/100 | Val Loss=45.3925 | Acc=90.67% | Precision=86.54% | Recall=88.24% | MAE=6.1712
  Epoch 024/100 | Val Loss=41.3282 | Acc=91.03% | Precision=85.00% | Recall=91.67% | MAE=5.3565
  Epoch 025/100 | Val Loss=56.7992 | Acc=90.67% | Precision=89.38% | Recall=84.56% | MAE=7.9462
  Epoch 026/100 | Val Loss=43.3477 | Acc=90.13% | Precision=86.70% | Recall=86.27% | MAE=5.7417
  Epoch 027/100 | Val Loss=40.1404 | Acc=90.94% | Precision=86.63% | Recall=88.97% | MAE=5.4712
  Epoch 028/100 | Val Loss=33.6629 | Acc=90.13% | Precision=85.99% | Recall=87.25% | MAE=4.5454
  Epoch 029/100 | Val Loss=34.2240 | Acc=91.12% | Precision=89.72% | Recall=85.54% | MAE=4.6176
  Epoch 030/100 | Val Loss=31.2547 | Acc=90.67% | Precision=89.38% | Recall=84.56% | MAE=4.2171
  Epoch 031/100 | Val Loss=30.7703 | Acc=91.21% | Precision=88.94% | Recall=86.76% | MAE=4.2685
  Epoch 032/100 | Val Loss=30.6465 | Acc=90.67% | Precision=87.44% | Recall=87.01% | MAE=4.2282
  Epoch 033/100 | Val Loss=35.7261 | Acc=90.58% | Precision=90.84% | Recall=82.60% | MAE=4.8951
  Epoch 034/100 | Val Loss=35.9414 | Acc=91.48% | Precision=87.53% | Recall=89.46% | MAE=4.9733
  Epoch 035/100 | Val Loss=34.3380 | Acc=91.03% | Precision=88.50% | Recall=86.76% | MAE=4.6558
  Epoch 036/100 | Val Loss=30.4931 | Acc=91.03% | Precision=88.69% | Recall=86.52% | MAE=4.1030
  Epoch 037/100 | Val Loss=30.0023 | Acc=91.48% | Precision=89.03% | Recall=87.50% | MAE=4.1632
  Epoch 038/100 | Val Loss=29.8505 | Acc=90.58% | Precision=90.19% | Recall=83.33% | MAE=4.1540
  Epoch 039/100 | Val Loss=42.8034 | Acc=91.30% | Precision=90.18% | Recall=85.54% | MAE=6.0159
  Epoch 040/100 | Val Loss=28.7215 | Acc=91.75% | Precision=87.26% | Recall=90.69% | MAE=3.9670
  Epoch 041/100 | Val Loss=29.2957 | Acc=91.57% | Precision=90.46% | Recall=86.03% | MAE=4.1274
  Epoch 042/100 | Val Loss=41.4939 | Acc=91.66% | Precision=90.49% | Recall=86.27% | MAE=6.0321
  Epoch 043/100 | Val Loss=28.2142 | Acc=91.30% | Precision=87.83% | Recall=88.48% | MAE=3.8706
  Epoch 044/100 | Val Loss=35.7285 | Acc=91.30% | Precision=91.03% | Recall=84.56% | MAE=5.2421
  Epoch 045/100 | Val Loss=28.9597 | Acc=91.57% | Precision=88.67% | Recall=88.24% | MAE=3.8275
  Epoch 046/100 | Val Loss=43.4380 | Acc=90.67% | Precision=91.99% | Recall=81.62% | MAE=6.2280
  Epoch 047/100 | Val Loss=31.3430 | Acc=91.12% | Precision=89.31% | Recall=86.03% | MAE=4.3010
  Epoch 048/100 | Val Loss=31.9978 | Acc=90.76% | Precision=91.11% | Recall=82.84% | MAE=4.5548
  Epoch 049/100 | Val Loss=26.5439 | Acc=91.57% | Precision=88.29% | Recall=88.73% | MAE=3.5704
  Epoch 050/100 | Val Loss=26.8672 | Acc=91.48% | Precision=91.08% | Recall=85.05% | MAE=3.6347
  Epoch 051/100 | Val Loss=25.9956 | Acc=91.30% | Precision=91.03% | Recall=84.56% | MAE=3.4285
  Epoch 052/100 | Val Loss=34.3473 | Acc=91.57% | Precision=89.05% | Recall=87.75% | MAE=4.8127
  Epoch 053/100 | Val Loss=33.0158 | Acc=91.12% | Precision=90.77% | Recall=84.31% | MAE=4.6323
  Epoch 054/100 | Val Loss=36.8617 | Acc=91.03% | Precision=89.49% | Recall=85.54% | MAE=5.2686
  Epoch 055/100 | Val Loss=26.0852 | Acc=91.75% | Precision=88.92% | Recall=88.48% | MAE=3.5347
  Epoch 056/100 | Val Loss=25.7597 | Acc=91.48% | Precision=88.83% | Recall=87.75% | MAE=3.4190
  Epoch 057/100 | Val Loss=26.7078 | Acc=91.84% | Precision=90.33% | Recall=87.01% | MAE=3.4831
  Epoch 058/100 | Val Loss=25.4407 | Acc=91.39% | Precision=90.84% | Recall=85.05% | MAE=3.5707
  Epoch 059/100 | Val Loss=30.4505 | Acc=91.30% | Precision=88.97% | Recall=87.01% | MAE=4.3066
  Epoch 060/100 | Val Loss=28.5693 | Acc=91.57% | Precision=90.26% | Recall=86.27% | MAE=3.8813
  Epoch 061/100 | Val Loss=27.0313 | Acc=91.57% | Precision=90.89% | Recall=85.54% | MAE=3.7085
  Epoch 062/100 | Val Loss=25.9556 | Acc=91.57% | Precision=90.26% | Recall=86.27% | MAE=3.5323
  Epoch 063/100 | Val Loss=37.6617 | Acc=91.30% | Precision=91.47% | Recall=84.07% | MAE=5.2451
  Epoch 064/100 | Val Loss=30.3246 | Acc=91.66% | Precision=90.08% | Recall=86.76% | MAE=4.0595
  Epoch 065/100 | Val Loss=28.8453 | Acc=91.57% | Precision=88.48% | Recall=88.48% | MAE=3.7690
  Epoch 066/100 | Val Loss=25.8488 | Acc=92.38% | Precision=90.89% | Recall=87.99% | MAE=3.4281
  Epoch 067/100 | Val Loss=25.3799 | Acc=92.02% | Precision=90.59% | Recall=87.25% | MAE=3.4208
  Epoch 068/100 | Val Loss=26.5215 | Acc=91.93% | Precision=90.98% | Recall=86.52% | MAE=3.6407
  Epoch 069/100 | Val Loss=27.2993 | Acc=91.66% | Precision=87.95% | Recall=89.46% | MAE=3.7168
  Epoch 070/100 | Val Loss=28.5336 | Acc=91.75% | Precision=90.93% | Recall=86.03% | MAE=3.8899
  Epoch 071/100 | Val Loss=23.6970 | Acc=92.02% | Precision=89.58% | Recall=88.48% | MAE=3.2003
  Epoch 072/100 | Val Loss=23.7828 | Acc=92.29% | Precision=90.25% | Recall=88.48% | MAE=3.1884
  Epoch 073/100 | Val Loss=24.5587 | Acc=91.93% | Precision=90.98% | Recall=86.52% | MAE=3.2828
  Epoch 074/100 | Val Loss=23.2255 | Acc=91.93% | Precision=89.75% | Recall=87.99% | MAE=3.0936
  Epoch 075/100 | Val Loss=24.1721 | Acc=91.57% | Precision=90.89% | Recall=85.54% | MAE=3.2791
  Epoch 076/100 | Val Loss=23.0632 | Acc=91.84% | Precision=88.38% | Recall=89.46% | MAE=3.2084
  Epoch 077/100 | Val Loss=24.5731 | Acc=91.93% | Precision=93.92% | Recall=83.33% | MAE=3.4288
  Epoch 078/100 | Val Loss=24.6576 | Acc=91.84% | Precision=92.27% | Recall=84.80% | MAE=3.4013
  Epoch 079/100 | Val Loss=24.3762 | Acc=92.56% | Precision=91.14% | Recall=88.24% | MAE=3.2706
  Epoch 080/100 | Val Loss=24.3898 | Acc=92.02% | Precision=89.97% | Recall=87.99% | MAE=3.2240
  Epoch 081/100 | Val Loss=30.1184 | Acc=92.02% | Precision=91.86% | Recall=85.78% | MAE=4.2077
  Epoch 082/100 | Val Loss=24.6331 | Acc=92.47% | Precision=91.12% | Recall=87.99% | MAE=3.3181
  Epoch 083/100 | Val Loss=23.6259 | Acc=92.02% | Precision=91.64% | Recall=86.03% | MAE=3.1185
  Epoch 084/100 | Val Loss=25.5932 | Acc=91.93% | Precision=92.97% | Recall=84.31% | MAE=3.3942
  Epoch 085/100 | Val Loss=42.7962 | Acc=92.29% | Precision=93.28% | Recall=85.05% | MAE=6.0640
  Epoch 086/100 | Val Loss=32.0580 | Acc=92.47% | Precision=92.63% | Recall=86.27% | MAE=4.4194
  Epoch 087/100 | Val Loss=37.7431 | Acc=92.38% | Precision=92.61% | Recall=86.03% | MAE=5.3998
  Epoch 088/100 | Val Loss=26.5184 | Acc=92.56% | Precision=91.99% | Recall=87.25% | MAE=3.6398
  Epoch 089/100 | Val Loss=22.5759 | Acc=92.83% | Precision=92.27% | Recall=87.75% | MAE=3.0317
  Epoch 090/100 | Val Loss=23.3255 | Acc=92.29% | Precision=92.15% | Recall=86.27% | MAE=3.1054
  Epoch 091/100 | Val Loss=24.0206 | Acc=92.29% | Precision=90.86% | Recall=87.75% | MAE=3.2204
  Epoch 092/100 | Val Loss=27.6147 | Acc=92.20% | Precision=93.26% | Recall=84.80% | MAE=3.6749
  Epoch 093/100 | Val Loss=23.1175 | Acc=92.65% | Precision=91.79% | Recall=87.75% | MAE=3.1299
  Epoch 094/100 | Val Loss=22.5455 | Acc=92.20% | Precision=91.69% | Recall=86.52% | MAE=3.0902
  Epoch 095/100 | Val Loss=24.4148 | Acc=92.38% | Precision=92.17% | Recall=86.52% | MAE=3.2316
  Epoch 096/100 | Val Loss=24.7554 | Acc=92.47% | Precision=91.12% | Recall=87.99% | MAE=3.2845
  Epoch 097/100 | Val Loss=24.2865 | Acc=92.74% | Precision=91.60% | Recall=88.24% | MAE=3.2114
  Epoch 098/100 | Val Loss=33.1604 | Acc=92.47% | Precision=94.02% | Recall=84.80% | MAE=4.5972
  Epoch 099/100 | Val Loss=24.0705 | Acc=91.66% | Precision=91.12% | Recall=85.54% | MAE=3.2052
  Epoch 100/100 | Val Loss=24.6079 | Acc=92.65% | Precision=90.15% | Recall=89.71% | MAE=3.2809
SMAC optimization completed
{'learning_rate': 0.0001, 'weight_decay': 1e-06, 'loss_weight': 10.0}

========================================================================================
Training Model A
========================================================================================
Model A | Epoch 001/100 | Train Loss=1430.7264 | Val Loss=971.3280 | Acc=52.02% | Precision=43.00% | Recall=95.59% | MAE=144.7674
Model A | Epoch 002/100 | Train Loss=1204.1255 | Val Loss=572.8197 | Acc=37.13% | Precision=36.79% | Recall=100.00% | MAE=84.9338
Model A | Epoch 003/100 | Train Loss=533.4137 | Val Loss=220.2658 | Acc=81.26% | Precision=71.40% | Recall=81.37% | MAE=31.8845
Model A | Epoch 004/100 | Train Loss=176.3019 | Val Loss=82.8032 | Acc=71.03% | Precision=55.91% | Recall=98.53% | MAE=11.8499
Model A | Epoch 005/100 | Train Loss=151.0458 | Val Loss=73.5676 | Acc=66.82% | Precision=52.47% | Recall=99.02% | MAE=11.6071
Model A | Epoch 006/100 | Train Loss=143.5925 | Val Loss=71.5843 | Acc=75.43% | Precision=60.12% | Recall=97.55% | MAE=11.0176
Model A | Epoch 007/100 | Train Loss=140.9552 | Val Loss=47.5766 | Acc=89.42% | Precision=81.94% | Recall=91.18% | MAE=6.7693
Model A | Epoch 008/100 | Train Loss=138.1008 | Val Loss=51.5330 | Acc=87.09% | Precision=76.83% | Recall=92.65% | MAE=7.6441
Model A | Epoch 009/100 | Train Loss=137.0860 | Val Loss=63.2347 | Acc=88.16% | Precision=78.87% | Recall=92.40% | MAE=9.5785
Model A | Epoch 010/100 | Train Loss=135.3732 | Val Loss=48.1386 | Acc=89.42% | Precision=82.22% | Recall=90.69% | MAE=7.2917
Model A | Epoch 011/100 | Train Loss=128.0853 | Val Loss=35.5822 | Acc=91.39% | Precision=87.14% | Recall=89.71% | MAE=4.9439
Model A | Epoch 012/100 | Train Loss=130.3861 | Val Loss=38.0697 | Acc=88.25% | Precision=79.91% | Recall=90.69% | MAE=5.3915
Model A | Epoch 013/100 | Train Loss=126.0824 | Val Loss=46.3086 | Acc=87.35% | Precision=94.65% | Recall=69.36% | MAE=6.9201
Model A | Epoch 014/100 | Train Loss=128.9446 | Val Loss=80.2294 | Acc=86.55% | Precision=93.00% | Recall=68.38% | MAE=12.0827
Model A | Epoch 015/100 | Train Loss=125.7165 | Val Loss=33.3091 | Acc=88.79% | Precision=94.08% | Recall=74.02% | MAE=4.9326
Model A | Epoch 016/100 | Train Loss=123.0530 | Val Loss=43.7677 | Acc=89.15% | Precision=93.09% | Recall=75.98% | MAE=6.8114
Model A | Epoch 017/100 | Train Loss=121.9249 | Val Loss=31.4398 | Acc=91.21% | Precision=87.80% | Recall=88.24% | MAE=4.6670
Model A | Epoch 018/100 | Train Loss=122.8560 | Val Loss=37.8291 | Acc=89.96% | Precision=82.74% | Recall=91.67% | MAE=5.6815
Model A | Epoch 019/100 | Train Loss=119.4665 | Val Loss=39.8172 | Acc=90.76% | Precision=92.48% | Recall=81.37% | MAE=5.9574
Model A | Epoch 020/100 | Train Loss=121.6721 | Val Loss=58.5968 | Acc=90.94% | Precision=91.37% | Recall=83.09% | MAE=8.5024
Model A | Epoch 021/100 | Train Loss=121.2559 | Val Loss=31.0452 | Acc=90.40% | Precision=88.69% | Recall=84.56% | MAE=4.5942
Model A | Epoch 022/100 | Train Loss=120.8252 | Val Loss=34.6856 | Acc=90.67% | Precision=87.25% | Recall=87.25% | MAE=4.9880
Model A | Epoch 023/100 | Train Loss=118.7251 | Val Loss=32.4896 | Acc=90.13% | Precision=84.33% | Recall=89.71% | MAE=4.6883
Model A | Epoch 024/100 | Train Loss=117.7508 | Val Loss=26.1627 | Acc=90.67% | Precision=92.70% | Recall=80.88% | MAE=3.8085
Model A | Epoch 025/100 | Train Loss=115.9456 | Val Loss=30.9169 | Acc=90.58% | Precision=91.06% | Recall=82.35% | MAE=4.6491
Model A | Epoch 026/100 | Train Loss=121.2735 | Val Loss=30.0796 | Acc=91.21% | Precision=90.58% | Recall=84.80% | MAE=4.3968
Model A | Epoch 027/100 | Train Loss=119.3034 | Val Loss=34.6141 | Acc=89.51% | Precision=83.45% | Recall=88.97% | MAE=4.8476
Model A | Epoch 028/100 | Train Loss=117.1673 | Val Loss=49.8979 | Acc=90.31% | Precision=92.86% | Recall=79.66% | MAE=7.7443
Model A | Epoch 029/100 | Train Loss=118.3483 | Val Loss=30.7612 | Acc=90.13% | Precision=86.52% | Recall=86.52% | MAE=4.2434
Model A | Epoch 030/100 | Train Loss=118.8713 | Val Loss=30.4623 | Acc=90.67% | Precision=92.70% | Recall=80.88% | MAE=4.5063
Model A | Epoch 031/100 | Train Loss=117.7332 | Val Loss=31.6811 | Acc=90.67% | Precision=86.54% | Recall=88.24% | MAE=4.9806
Model A | Epoch 032/100 | Train Loss=118.0181 | Val Loss=34.5301 | Acc=88.88% | Precision=92.01% | Recall=76.23% | MAE=5.3033
Model A | Epoch 033/100 | Train Loss=115.6233 | Val Loss=29.9814 | Acc=90.67% | Precision=91.76% | Recall=81.86% | MAE=4.3619
Model A | Epoch 034/100 | Train Loss=116.4738 | Val Loss=34.1169 | Acc=89.60% | Precision=84.27% | Recall=87.99% | MAE=5.1910
Model A | Epoch 035/100 | Train Loss=115.1476 | Val Loss=28.4739 | Acc=89.51% | Precision=93.18% | Recall=76.96% | MAE=4.2307
Model A | Epoch 036/100 | Train Loss=120.2803 | Val Loss=33.2280 | Acc=88.88% | Precision=87.37% | Recall=81.37% | MAE=5.1620
Model A | Epoch 037/100 | Train Loss=116.7945 | Val Loss=33.7262 | Acc=90.85% | Precision=87.50% | Recall=87.50% | MAE=5.3164
Model A | Epoch 038/100 | Train Loss=118.9909 | Val Loss=54.0915 | Acc=90.40% | Precision=91.69% | Recall=81.13% | MAE=8.2392
Model A | Epoch 039/100 | Train Loss=115.0261 | Val Loss=26.6501 | Acc=90.58% | Precision=89.56% | Recall=84.07% | MAE=3.8930
Model A | Epoch 040/100 | Train Loss=116.3224 | Val Loss=31.4613 | Acc=90.76% | Precision=92.24% | Recall=81.62% | MAE=4.7530
Model A | Epoch 041/100 | Train Loss=117.1454 | Val Loss=33.4325 | Acc=90.31% | Precision=86.23% | Recall=87.50% | MAE=4.8909
Model A | Epoch 042/100 | Train Loss=115.9718 | Val Loss=46.0328 | Acc=90.04% | Precision=90.24% | Recall=81.62% | MAE=6.8888
Model A | Epoch 043/100 | Train Loss=115.8988 | Val Loss=40.6214 | Acc=90.58% | Precision=90.19% | Recall=83.33% | MAE=6.3413
Model A | Epoch 044/100 | Train Loss=117.3062 | Val Loss=23.8748 | Acc=90.58% | Precision=89.35% | Recall=84.31% | MAE=3.6620
Model A | Epoch 045/100 | Train Loss=115.7970 | Val Loss=29.9921 | Acc=90.67% | Precision=90.86% | Recall=82.84% | MAE=4.2740
Model A | Epoch 046/100 | Train Loss=116.2139 | Val Loss=37.7132 | Acc=90.22% | Precision=87.47% | Recall=85.54% | MAE=5.5830
Model A | Epoch 047/100 | Train Loss=116.4339 | Val Loss=22.4347 | Acc=89.33% | Precision=86.03% | Recall=84.56% | MAE=3.2212
Model A | Epoch 048/100 | Train Loss=116.1053 | Val Loss=37.5761 | Acc=89.51% | Precision=91.69% | Recall=78.43% | MAE=5.3462
Model A | Epoch 049/100 | Train Loss=114.1585 | Val Loss=26.5597 | Acc=90.40% | Precision=89.92% | Recall=83.09% | MAE=3.7900
Model A | Epoch 050/100 | Train Loss=114.9383 | Val Loss=24.4388 | Acc=89.42% | Precision=83.56% | Recall=88.48% | MAE=3.4935
Model A | Epoch 051/100 | Train Loss=116.9627 | Val Loss=38.0181 | Acc=89.42% | Precision=92.15% | Recall=77.70% | MAE=5.8191
Model A | Epoch 052/100 | Train Loss=115.4424 | Val Loss=23.9635 | Acc=89.87% | Precision=84.71% | Recall=88.24% | MAE=3.7323
Model A | Epoch 053/100 | Train Loss=114.3914 | Val Loss=24.6730 | Acc=89.06% | Precision=93.33% | Recall=75.49% | MAE=3.7365
Model A | Epoch 054/100 | Train Loss=116.1531 | Val Loss=27.1107 | Acc=90.49% | Precision=86.47% | Recall=87.75% | MAE=4.0425
Model A | Epoch 055/100 | Train Loss=118.9177 | Val Loss=31.2300 | Acc=90.40% | Precision=92.63% | Recall=80.15% | MAE=4.6311
Model A | Epoch 056/100 | Train Loss=116.0783 | Val Loss=29.6519 | Acc=89.87% | Precision=90.19% | Recall=81.13% | MAE=4.5750
Model A | Epoch 057/100 | Train Loss=115.2064 | Val Loss=25.5495 | Acc=90.13% | Precision=92.33% | Recall=79.66% | MAE=3.5635
Model A | Epoch 058/100 | Train Loss=116.5817 | Val Loss=30.3183 | Acc=90.58% | Precision=87.97% | Recall=86.03% | MAE=4.9252
Model A | Epoch 059/100 | Train Loss=117.0986 | Val Loss=42.9705 | Acc=90.40% | Precision=89.09% | Recall=84.07% | MAE=6.5283
Model A | Epoch 060/100 | Train Loss=114.9815 | Val Loss=26.7232 | Acc=90.94% | Precision=88.66% | Recall=86.27% | MAE=3.8444
Model A | Epoch 061/100 | Train Loss=115.8319 | Val Loss=19.9948 | Acc=90.49% | Precision=89.12% | Recall=84.31% | MAE=2.8480
Model A | Epoch 062/100 | Train Loss=114.3668 | Val Loss=24.8577 | Acc=91.21% | Precision=88.18% | Recall=87.75% | MAE=3.7538
Model A | Epoch 063/100 | Train Loss=115.0939 | Val Loss=29.0045 | Acc=91.12% | Precision=93.28% | Recall=81.62% | MAE=4.0359
Model A | Epoch 064/100 | Train Loss=115.6155 | Val Loss=23.3425 | Acc=91.03% | Precision=87.56% | Recall=87.99% | MAE=3.3749
Model A | Epoch 065/100 | Train Loss=117.5102 | Val Loss=28.1884 | Acc=91.21% | Precision=89.14% | Recall=86.52% | MAE=4.0810
Model A | Epoch 066/100 | Train Loss=116.3492 | Val Loss=31.5494 | Acc=89.15% | Precision=84.41% | Recall=86.27% | MAE=4.7798
Model A | Epoch 067/100 | Train Loss=114.4383 | Val Loss=20.9750 | Acc=91.39% | Precision=92.86% | Recall=82.84% | MAE=2.9729
Model A | Epoch 068/100 | Train Loss=116.0944 | Val Loss=30.1664 | Acc=91.03% | Precision=90.31% | Recall=84.56% | MAE=4.4524
Model A | Epoch 069/100 | Train Loss=116.5906 | Val Loss=28.8831 | Acc=89.87% | Precision=87.53% | Recall=84.31% | MAE=4.1752
Model A | Epoch 070/100 | Train Loss=115.2794 | Val Loss=34.5578 | Acc=90.31% | Precision=86.06% | Recall=87.75% | MAE=5.0702
Model A | Epoch 071/100 | Train Loss=114.8788 | Val Loss=28.2315 | Acc=88.61% | Precision=94.89% | Recall=72.79% | MAE=4.1466
Model A | Epoch 072/100 | Train Loss=113.6627 | Val Loss=23.2734 | Acc=90.31% | Precision=87.69% | Recall=85.54% | MAE=3.3654
Model A | Epoch 073/100 | Train Loss=116.4402 | Val Loss=22.9115 | Acc=90.04% | Precision=85.27% | Recall=87.99% | MAE=3.3318
Model A | Epoch 074/100 | Train Loss=114.0097 | Val Loss=25.0366 | Acc=90.04% | Precision=86.85% | Recall=85.78% | MAE=3.8937
Model A | Epoch 075/100 | Train Loss=116.3993 | Val Loss=22.7538 | Acc=89.51% | Precision=94.50% | Recall=75.74% | MAE=3.4013
Model A | Epoch 076/100 | Train Loss=110.0693 | Val Loss=23.5461 | Acc=90.40% | Precision=90.79% | Recall=82.11% | MAE=3.4543
Model A | Epoch 077/100 | Train Loss=111.9985 | Val Loss=26.0690 | Acc=90.49% | Precision=92.66% | Recall=80.39% | MAE=3.6978
Model A | Epoch 078/100 | Train Loss=114.0444 | Val Loss=24.6464 | Acc=91.75% | Precision=91.36% | Recall=85.54% | MAE=3.3342
Model A | Epoch 079/100 | Train Loss=113.7050 | Val Loss=23.6621 | Acc=90.85% | Precision=90.69% | Recall=83.58% | MAE=3.4147
Model A | Epoch 080/100 | Train Loss=115.2390 | Val Loss=22.2505 | Acc=90.58% | Precision=91.51% | Recall=81.86% | MAE=3.2650
Model A | Epoch 081/100 | Train Loss=114.6883 | Val Loss=26.6517 | Acc=91.57% | Precision=89.25% | Recall=87.50% | MAE=3.8043
Model A | Epoch 082/100 | Train Loss=116.1073 | Val Loss=26.2627 | Acc=90.94% | Precision=91.15% | Recall=83.33% | MAE=3.9122
Model A | Epoch 083/100 | Train Loss=114.3063 | Val Loss=27.4159 | Acc=90.85% | Precision=92.27% | Recall=81.86% | MAE=4.0312
Model A | Epoch 084/100 | Train Loss=114.9484 | Val Loss=21.5438 | Acc=90.04% | Precision=86.13% | Recall=86.76% | MAE=3.1321
Model A | Epoch 085/100 | Train Loss=112.6941 | Val Loss=23.8563 | Acc=91.12% | Precision=90.77% | Recall=84.31% | MAE=3.4088
Model A | Epoch 086/100 | Train Loss=111.4657 | Val Loss=21.3922 | Acc=91.66% | Precision=91.78% | Recall=84.80% | MAE=3.2462
Model A | Epoch 087/100 | Train Loss=114.2778 | Val Loss=26.6153 | Acc=91.66% | Precision=91.56% | Recall=85.05% | MAE=4.0351
Model A | Epoch 088/100 | Train Loss=113.2974 | Val Loss=30.0274 | Acc=91.30% | Precision=89.57% | Recall=86.27% | MAE=4.4993
Model A | Epoch 089/100 | Train Loss=112.9223 | Val Loss=21.2995 | Acc=91.66% | Precision=91.78% | Recall=84.80% | MAE=2.9941
Model A | Epoch 090/100 | Train Loss=113.1672 | Val Loss=32.2182 | Acc=90.40% | Precision=88.49% | Recall=84.80% | MAE=4.6437
Model A | Epoch 091/100 | Train Loss=113.3565 | Val Loss=25.7572 | Acc=90.94% | Precision=92.05% | Recall=82.35% | MAE=3.8283
Model A | Epoch 092/100 | Train Loss=113.5511 | Val Loss=24.1188 | Acc=90.67% | Precision=94.71% | Recall=78.92% | MAE=3.4102
Model A | Epoch 093/100 | Train Loss=112.6335 | Val Loss=28.7435 | Acc=91.48% | Precision=91.96% | Recall=84.07% | MAE=4.1512
Model A | Epoch 094/100 | Train Loss=116.7824 | Val Loss=23.3659 | Acc=91.39% | Precision=90.21% | Recall=85.78% | MAE=3.4482
Model A | Epoch 095/100 | Train Loss=115.2394 | Val Loss=22.2521 | Acc=90.67% | Precision=89.79% | Recall=84.07% | MAE=2.9712
Model A | Epoch 096/100 | Train Loss=115.8160 | Val Loss=25.5919 | Acc=90.31% | Precision=90.11% | Recall=82.60% | MAE=3.7245
Model A | Epoch 097/100 | Train Loss=115.1524 | Val Loss=29.4160 | Acc=89.24% | Precision=91.62% | Recall=77.70% | MAE=4.5383
Model A | Epoch 098/100 | Train Loss=117.4685 | Val Loss=23.5870 | Acc=90.04% | Precision=87.41% | Recall=85.05% | MAE=3.3058
Model A | Epoch 099/100 | Train Loss=113.4331 | Val Loss=27.0279 | Acc=90.85% | Precision=89.03% | Recall=85.54% | MAE=3.9549
Model A | Epoch 100/100 | Train Loss=113.5225 | Val Loss=20.1667 | Acc=91.21% | Precision=89.95% | Recall=85.54% | MAE=3.0278
----------------------------------------------------------------------------------------
Model A best checkpoint
  Accuracy             : 90.49%
  Precision            : 89.12%
  Recall               : 84.31%
  MAE                  : 2.8480
  Checkpoint           : Model_A_best.pth
Saved Model_A_best.pth

========================================================================================
Training Model B
========================================================================================
Model B | Epoch 001/100 | Train Loss=1427.1364 | Val Loss=976.2200 | Acc=70.49% | Precision=55.89% | Recall=91.91% | MAE=145.4821
Model B | Epoch 002/100 | Train Loss=1130.4248 | Val Loss=613.0078 | Acc=92.11% | Precision=93.01% | Recall=84.80% | MAE=90.7223
Model B | Epoch 003/100 | Train Loss=394.2723 | Val Loss=166.2847 | Acc=57.67% | Precision=23.77% | Recall=7.11% | MAE=24.2570
Model B | Epoch 004/100 | Train Loss=163.6322 | Val Loss=77.4616 | Acc=85.02% | Precision=72.61% | Recall=94.85% | MAE=12.2490
Model B | Epoch 005/100 | Train Loss=148.0650 | Val Loss=82.3235 | Acc=82.42% | Precision=68.86% | Recall=94.85% | MAE=12.5809
Model B | Epoch 006/100 | Train Loss=140.7822 | Val Loss=68.5026 | Acc=84.93% | Precision=73.72% | Recall=91.42% | MAE=10.5550
Model B | Epoch 007/100 | Train Loss=135.6161 | Val Loss=48.2519 | Acc=87.44% | Precision=88.73% | Recall=75.25% | MAE=7.4938
Model B | Epoch 008/100 | Train Loss=130.2192 | Val Loss=47.7879 | Acc=88.43% | Precision=85.86% | Recall=81.86% | MAE=7.2865
Model B | Epoch 009/100 | Train Loss=131.0642 | Val Loss=45.0896 | Acc=87.09% | Precision=77.39% | Recall=91.42% | MAE=6.5773
Model B | Epoch 010/100 | Train Loss=130.5326 | Val Loss=49.5780 | Acc=88.97% | Precision=82.46% | Recall=88.73% | MAE=7.7159
Model B | Epoch 011/100 | Train Loss=126.9002 | Val Loss=48.6553 | Acc=89.33% | Precision=84.49% | Recall=86.76% | MAE=7.4601
Model B | Epoch 012/100 | Train Loss=124.0452 | Val Loss=40.4362 | Acc=89.87% | Precision=87.34% | Recall=84.56% | MAE=5.9182
Model B | Epoch 013/100 | Train Loss=119.2114 | Val Loss=44.6304 | Acc=85.65% | Precision=95.59% | Recall=63.73% | MAE=6.9937
Model B | Epoch 014/100 | Train Loss=119.3603 | Val Loss=43.2921 | Acc=89.60% | Precision=83.80% | Recall=88.73% | MAE=6.5315
Model B | Epoch 015/100 | Train Loss=118.2058 | Val Loss=38.7435 | Acc=90.67% | Precision=92.46% | Recall=81.13% | MAE=6.0461
Model B | Epoch 016/100 | Train Loss=116.8620 | Val Loss=34.5235 | Acc=90.13% | Precision=86.70% | Recall=86.27% | MAE=5.1765
Model B | Epoch 017/100 | Train Loss=117.2115 | Val Loss=35.7573 | Acc=90.85% | Precision=87.87% | Recall=87.01% | MAE=5.4460
Model B | Epoch 018/100 | Train Loss=115.7314 | Val Loss=34.6879 | Acc=89.87% | Precision=85.71% | Recall=86.76% | MAE=5.0436
Model B | Epoch 019/100 | Train Loss=113.8106 | Val Loss=47.0860 | Acc=91.66% | Precision=92.92% | Recall=83.58% | MAE=7.1876
Model B | Epoch 020/100 | Train Loss=114.7912 | Val Loss=34.1653 | Acc=90.67% | Precision=88.78% | Recall=85.29% | MAE=5.1469
Model B | Epoch 021/100 | Train Loss=115.8540 | Val Loss=37.8049 | Acc=91.39% | Precision=92.39% | Recall=83.33% | MAE=5.8975
Model B | Epoch 022/100 | Train Loss=113.8253 | Val Loss=31.1374 | Acc=90.94% | Precision=86.81% | Recall=88.73% | MAE=4.7028
Model B | Epoch 023/100 | Train Loss=110.8905 | Val Loss=46.2315 | Acc=91.66% | Precision=90.08% | Recall=86.76% | MAE=6.8291
Model B | Epoch 024/100 | Train Loss=113.2430 | Val Loss=36.3828 | Acc=91.75% | Precision=95.40% | Recall=81.37% | MAE=5.4652
Model B | Epoch 025/100 | Train Loss=111.5784 | Val Loss=31.8550 | Acc=92.91% | Precision=93.87% | Recall=86.27% | MAE=4.9173
Model B | Epoch 026/100 | Train Loss=113.9367 | Val Loss=33.3232 | Acc=91.57% | Precision=94.60% | Recall=81.62% | MAE=5.0770
Model B | Epoch 027/100 | Train Loss=112.1917 | Val Loss=32.3893 | Acc=92.56% | Precision=93.33% | Recall=85.78% | MAE=4.7861
Model B | Epoch 028/100 | Train Loss=110.0608 | Val Loss=36.1856 | Acc=92.56% | Precision=92.21% | Recall=87.01% | MAE=5.4774
Model B | Epoch 029/100 | Train Loss=110.9124 | Val Loss=49.0332 | Acc=92.11% | Precision=94.20% | Recall=83.58% | MAE=7.4488
Model B | Epoch 030/100 | Train Loss=110.9520 | Val Loss=30.6367 | Acc=92.65% | Precision=93.12% | Recall=86.27% | MAE=4.8679
Model B | Epoch 031/100 | Train Loss=110.0309 | Val Loss=29.2056 | Acc=92.02% | Precision=95.44% | Recall=82.11% | MAE=4.2104
Model B | Epoch 032/100 | Train Loss=112.1309 | Val Loss=34.2335 | Acc=91.75% | Precision=95.40% | Recall=81.37% | MAE=5.0921
Model B | Epoch 033/100 | Train Loss=108.9255 | Val Loss=27.4896 | Acc=91.03% | Precision=94.25% | Recall=80.39% | MAE=4.0994
Model B | Epoch 034/100 | Train Loss=111.0395 | Val Loss=47.7207 | Acc=93.63% | Precision=93.54% | Recall=88.73% | MAE=7.1806
Model B | Epoch 035/100 | Train Loss=109.9835 | Val Loss=27.3044 | Acc=92.47% | Precision=94.75% | Recall=84.07% | MAE=4.1000
Model B | Epoch 036/100 | Train Loss=112.0624 | Val Loss=53.5208 | Acc=92.74% | Precision=92.25% | Recall=87.50% | MAE=7.9178
Model B | Epoch 037/100 | Train Loss=110.6567 | Val Loss=32.2649 | Acc=92.38% | Precision=91.52% | Recall=87.25% | MAE=4.6000
Model B | Epoch 038/100 | Train Loss=112.3624 | Val Loss=40.9802 | Acc=91.66% | Precision=95.13% | Recall=81.37% | MAE=6.0015
Model B | Epoch 039/100 | Train Loss=108.6034 | Val Loss=33.9606 | Acc=92.65% | Precision=94.29% | Recall=85.05% | MAE=5.1303
Model B | Epoch 040/100 | Train Loss=110.0114 | Val Loss=27.5455 | Acc=92.20% | Precision=95.21% | Recall=82.84% | MAE=3.8755
Model B | Epoch 041/100 | Train Loss=109.3598 | Val Loss=24.9627 | Acc=92.20% | Precision=94.71% | Recall=83.33% | MAE=3.8011
Model B | Epoch 042/100 | Train Loss=110.2344 | Val Loss=29.9572 | Acc=91.21% | Precision=95.06% | Recall=80.15% | MAE=4.5169
Model B | Epoch 043/100 | Train Loss=109.4837 | Val Loss=37.8792 | Acc=92.38% | Precision=92.39% | Recall=86.27% | MAE=5.7877
Model B | Epoch 044/100 | Train Loss=110.5953 | Val Loss=35.7496 | Acc=91.39% | Precision=95.09% | Recall=80.64% | MAE=5.5816
Model B | Epoch 045/100 | Train Loss=109.7564 | Val Loss=44.2384 | Acc=93.81% | Precision=94.72% | Recall=87.99% | MAE=6.6180
Model B | Epoch 046/100 | Train Loss=111.7239 | Val Loss=23.4196 | Acc=91.75% | Precision=94.63% | Recall=82.11% | MAE=3.5683
Model B | Epoch 047/100 | Train Loss=110.6265 | Val Loss=23.2831 | Acc=93.27% | Precision=91.52% | Recall=89.95% | MAE=3.4005
Model B | Epoch 048/100 | Train Loss=110.7875 | Val Loss=41.2427 | Acc=89.96% | Precision=95.12% | Recall=76.47% | MAE=6.0859
Model B | Epoch 049/100 | Train Loss=106.9818 | Val Loss=34.4337 | Acc=92.47% | Precision=94.26% | Recall=84.56% | MAE=5.2639
Model B | Epoch 050/100 | Train Loss=109.1992 | Val Loss=23.1686 | Acc=94.26% | Precision=92.16% | Recall=92.16% | MAE=3.6088
Model B | Epoch 051/100 | Train Loss=111.7137 | Val Loss=27.8641 | Acc=90.76% | Precision=95.52% | Recall=78.43% | MAE=4.4755
Model B | Epoch 052/100 | Train Loss=107.6063 | Val Loss=41.2591 | Acc=93.99% | Precision=89.56% | Recall=94.61% | MAE=6.5313
Model B | Epoch 053/100 | Train Loss=107.1137 | Val Loss=24.7421 | Acc=88.34% | Precision=95.72% | Recall=71.32% | MAE=3.6609
Model B | Epoch 054/100 | Train Loss=108.5192 | Val Loss=20.7509 | Acc=94.80% | Precision=91.87% | Recall=94.12% | MAE=3.1697
Model B | Epoch 055/100 | Train Loss=112.0655 | Val Loss=24.8419 | Acc=91.21% | Precision=95.06% | Recall=80.15% | MAE=3.6861
Model B | Epoch 056/100 | Train Loss=109.4100 | Val Loss=37.8702 | Acc=92.83% | Precision=94.09% | Recall=85.78% | MAE=6.1130
Model B | Epoch 057/100 | Train Loss=108.7038 | Val Loss=27.9640 | Acc=91.75% | Precision=94.89% | Recall=81.86% | MAE=3.8567
Model B | Epoch 058/100 | Train Loss=109.3346 | Val Loss=22.3952 | Acc=94.35% | Precision=92.80% | Recall=91.67% | MAE=3.5540
Model B | Epoch 059/100 | Train Loss=109.1164 | Val Loss=34.6912 | Acc=93.27% | Precision=92.37% | Recall=88.97% | MAE=5.3452
Model B | Epoch 060/100 | Train Loss=109.0224 | Val Loss=23.9373 | Acc=94.80% | Precision=93.75% | Recall=91.91% | MAE=3.6474
Model B | Epoch 061/100 | Train Loss=108.7283 | Val Loss=29.3667 | Acc=93.99% | Precision=94.06% | Recall=89.22% | MAE=4.3317
Model B | Epoch 062/100 | Train Loss=107.4525 | Val Loss=31.4971 | Acc=94.26% | Precision=91.75% | Recall=92.65% | MAE=4.9725
Model B | Epoch 063/100 | Train Loss=108.9248 | Val Loss=24.7693 | Acc=93.09% | Precision=95.34% | Recall=85.29% | MAE=3.7928
Model B | Epoch 064/100 | Train Loss=109.8290 | Val Loss=21.9145 | Acc=95.61% | Precision=93.67% | Recall=94.36% | MAE=3.1602
Model B | Epoch 065/100 | Train Loss=110.0533 | Val Loss=33.1502 | Acc=94.26% | Precision=95.26% | Recall=88.73% | MAE=4.8882
Model B | Epoch 066/100 | Train Loss=110.3047 | Val Loss=28.3971 | Acc=94.71% | Precision=92.05% | Recall=93.63% | MAE=4.4633
Model B | Epoch 067/100 | Train Loss=108.7717 | Val Loss=21.0634 | Acc=94.53% | Precision=94.37% | Recall=90.44% | MAE=3.4468
Model B | Epoch 068/100 | Train Loss=109.4433 | Val Loss=25.2555 | Acc=95.43% | Precision=94.07% | Recall=93.38% | MAE=3.6978
Model B | Epoch 069/100 | Train Loss=109.3294 | Val Loss=24.7658 | Acc=95.87% | Precision=93.72% | Recall=95.10% | MAE=3.8812
Model B | Epoch 070/100 | Train Loss=109.2230 | Val Loss=20.5957 | Acc=95.16% | Precision=91.55% | Recall=95.59% | MAE=3.0836
Model B | Epoch 071/100 | Train Loss=108.7274 | Val Loss=26.1172 | Acc=92.02% | Precision=96.23% | Recall=81.37% | MAE=3.8552
Model B | Epoch 072/100 | Train Loss=108.7064 | Val Loss=24.1885 | Acc=95.61% | Precision=94.10% | Recall=93.87% | MAE=3.4421
Model B | Epoch 073/100 | Train Loss=110.7305 | Val Loss=20.8291 | Acc=95.43% | Precision=93.43% | Recall=94.12% | MAE=3.3091
Model B | Epoch 074/100 | Train Loss=109.1541 | Val Loss=22.1370 | Acc=94.98% | Precision=94.90% | Recall=91.18% | MAE=3.3462
Model B | Epoch 075/100 | Train Loss=110.5175 | Val Loss=27.0725 | Acc=94.62% | Precision=95.79% | Recall=89.22% | MAE=4.0801
Model B | Epoch 076/100 | Train Loss=104.0399 | Val Loss=22.7796 | Acc=95.07% | Precision=94.91% | Recall=91.42% | MAE=3.4423
Model B | Epoch 077/100 | Train Loss=106.3292 | Val Loss=30.3484 | Acc=95.43% | Precision=94.74% | Recall=92.65% | MAE=4.5571
Model B | Epoch 078/100 | Train Loss=109.0511 | Val Loss=28.2999 | Acc=94.71% | Precision=95.56% | Recall=89.71% | MAE=4.1079
Model B | Epoch 079/100 | Train Loss=106.9444 | Val Loss=25.4857 | Acc=94.71% | Precision=95.80% | Recall=89.46% | MAE=3.8443
Model B | Epoch 080/100 | Train Loss=108.2219 | Val Loss=25.9179 | Acc=95.61% | Precision=94.10% | Recall=93.87% | MAE=3.8402
Model B | Epoch 081/100 | Train Loss=110.2654 | Val Loss=22.4698 | Acc=95.52% | Precision=94.75% | Recall=92.89% | MAE=3.3831
Model B | Epoch 082/100 | Train Loss=109.0891 | Val Loss=22.2431 | Acc=93.90% | Precision=96.45% | Recall=86.52% | MAE=3.3735
Model B | Epoch 083/100 | Train Loss=107.8652 | Val Loss=20.5753 | Acc=95.34% | Precision=94.95% | Recall=92.16% | MAE=3.0956
Model B | Epoch 084/100 | Train Loss=108.8359 | Val Loss=35.2306 | Acc=95.52% | Precision=94.31% | Recall=93.38% | MAE=5.4026
Model B | Epoch 085/100 | Train Loss=108.3556 | Val Loss=20.0741 | Acc=94.44% | Precision=95.77% | Recall=88.73% | MAE=2.9988
Model B | Epoch 086/100 | Train Loss=107.0319 | Val Loss=30.6184 | Acc=93.81% | Precision=95.20% | Recall=87.50% | MAE=4.4707
Model B | Epoch 087/100 | Train Loss=108.5981 | Val Loss=34.1421 | Acc=95.78% | Precision=93.92% | Recall=94.61% | MAE=5.0058
Model B | Epoch 088/100 | Train Loss=106.8340 | Val Loss=24.7002 | Acc=96.05% | Precision=94.39% | Recall=94.85% | MAE=3.7495
Model B | Epoch 089/100 | Train Loss=108.2388 | Val Loss=21.1312 | Acc=95.43% | Precision=96.36% | Recall=90.93% | MAE=3.1473
Model B | Epoch 090/100 | Train Loss=108.0824 | Val Loss=31.4128 | Acc=95.78% | Precision=94.13% | Recall=94.36% | MAE=4.7757
Model B | Epoch 091/100 | Train Loss=106.8239 | Val Loss=21.2750 | Acc=94.35% | Precision=96.25% | Recall=87.99% | MAE=3.1227
Model B | Epoch 092/100 | Train Loss=107.6679 | Val Loss=32.0660 | Acc=95.70% | Precision=95.45% | Recall=92.65% | MAE=4.9575
Model B | Epoch 093/100 | Train Loss=106.4195 | Val Loss=22.1941 | Acc=95.87% | Precision=95.71% | Recall=92.89% | MAE=3.2503
Model B | Epoch 094/100 | Train Loss=106.7254 | Val Loss=22.2777 | Acc=96.14% | Precision=94.84% | Recall=94.61% | MAE=3.3265
Model B | Epoch 095/100 | Train Loss=107.6931 | Val Loss=19.7455 | Acc=95.43% | Precision=96.12% | Recall=91.18% | MAE=3.0949
Model B | Epoch 096/100 | Train Loss=109.2966 | Val Loss=26.9113 | Acc=95.52% | Precision=94.31% | Recall=93.38% | MAE=4.0573
Model B | Epoch 097/100 | Train Loss=108.5090 | Val Loss=23.2308 | Acc=94.98% | Precision=91.71% | Recall=94.85% | MAE=3.5278
Model B | Epoch 098/100 | Train Loss=111.5642 | Val Loss=26.8418 | Acc=94.35% | Precision=96.75% | Recall=87.50% | MAE=3.8736
Model B | Epoch 099/100 | Train Loss=108.9054 | Val Loss=30.8876 | Acc=94.08% | Precision=87.50% | Recall=97.79% | MAE=4.7459
Model B | Epoch 100/100 | Train Loss=108.2939 | Val Loss=22.6637 | Acc=94.89% | Precision=96.31% | Recall=89.46% | MAE=3.4036
----------------------------------------------------------------------------------------
Model B best checkpoint
  Accuracy             : 94.44%
  Precision            : 95.77%
  Recall               : 88.73%
  MAE                  : 2.9988
  Checkpoint           : Model_B_best.pth
Saved Model_B_best.pth

========================================================================================
Training Model C
========================================================================================
Model C | Epoch 001/100 | Train Loss=0.3208 | Val Loss=1.2025 | Acc=63.41% | Precision=0.00% | Recall=0.00% | MAE=N/A
Model C | Epoch 002/100 | Train Loss=0.0897 | Val Loss=0.2852 | Acc=90.13% | Precision=84.49% | Recall=89.46% | MAE=N/A
Model C | Epoch 003/100 | Train Loss=0.0593 | Val Loss=0.1126 | Acc=96.32% | Precision=94.43% | Recall=95.59% | MAE=N/A
Model C | Epoch 004/100 | Train Loss=0.0404 | Val Loss=0.1163 | Acc=96.59% | Precision=94.69% | Recall=96.08% | MAE=N/A
Model C | Epoch 005/100 | Train Loss=0.0351 | Val Loss=0.1119 | Acc=97.76% | Precision=97.52% | Recall=96.32% | MAE=N/A
Model C | Epoch 006/100 | Train Loss=0.0282 | Val Loss=0.1299 | Acc=95.52% | Precision=92.02% | Recall=96.08% | MAE=N/A
Model C | Epoch 007/100 | Train Loss=0.0229 | Val Loss=0.1238 | Acc=96.41% | Precision=95.32% | Recall=94.85% | MAE=N/A
Model C | Epoch 008/100 | Train Loss=0.0189 | Val Loss=0.1706 | Acc=96.32% | Precision=95.76% | Recall=94.12% | MAE=N/A
Model C | Epoch 009/100 | Train Loss=0.0195 | Val Loss=0.1169 | Acc=96.77% | Precision=95.59% | Recall=95.59% | MAE=N/A
Model C | Epoch 010/100 | Train Loss=0.0157 | Val Loss=0.1541 | Acc=96.59% | Precision=96.25% | Recall=94.36% | MAE=N/A
Model C | Epoch 011/100 | Train Loss=0.0164 | Val Loss=0.1249 | Acc=96.86% | Precision=96.74% | Recall=94.61% | MAE=N/A
Model C | Epoch 012/100 | Train Loss=0.0159 | Val Loss=0.1604 | Acc=97.04% | Precision=97.71% | Recall=94.12% | MAE=N/A
Model C | Epoch 013/100 | Train Loss=0.0136 | Val Loss=0.1182 | Acc=97.13% | Precision=96.53% | Recall=95.59% | MAE=N/A
Model C | Epoch 014/100 | Train Loss=0.0093 | Val Loss=0.1398 | Acc=97.04% | Precision=96.99% | Recall=94.85% | MAE=N/A
Model C | Epoch 015/100 | Train Loss=0.0074 | Val Loss=0.1425 | Acc=96.77% | Precision=96.27% | Recall=94.85% | MAE=N/A
Model C | Epoch 016/100 | Train Loss=0.0092 | Val Loss=0.1478 | Acc=97.04% | Precision=96.30% | Recall=95.59% | MAE=N/A
Model C | Epoch 017/100 | Train Loss=0.0113 | Val Loss=0.1531 | Acc=97.04% | Precision=96.99% | Recall=94.85% | MAE=N/A
Model C | Epoch 018/100 | Train Loss=0.0097 | Val Loss=0.1397 | Acc=96.95% | Precision=96.52% | Recall=95.10% | MAE=N/A
Model C | Epoch 019/100 | Train Loss=0.0067 | Val Loss=0.1567 | Acc=96.86% | Precision=96.05% | Recall=95.34% | MAE=N/A
Model C | Epoch 020/100 | Train Loss=0.0065 | Val Loss=0.1767 | Acc=97.13% | Precision=97.24% | Recall=94.85% | MAE=N/A
Model C | Epoch 021/100 | Train Loss=0.0072 | Val Loss=0.1563 | Acc=96.86% | Precision=96.05% | Recall=95.34% | MAE=N/A
Model C | Epoch 022/100 | Train Loss=0.0069 | Val Loss=0.1870 | Acc=97.13% | Precision=97.47% | Recall=94.61% | MAE=N/A
Model C | Epoch 023/100 | Train Loss=0.0069 | Val Loss=0.1668 | Acc=96.68% | Precision=95.80% | Recall=95.10% | MAE=N/A
Model C | Epoch 024/100 | Train Loss=0.0069 | Val Loss=0.1750 | Acc=97.40% | Precision=96.79% | Recall=96.08% | MAE=N/A
Model C | Epoch 025/100 | Train Loss=0.0096 | Val Loss=0.1569 | Acc=97.40% | Precision=96.33% | Recall=96.57% | MAE=N/A
Model C | Epoch 026/100 | Train Loss=0.0110 | Val Loss=0.1431 | Acc=96.86% | Precision=96.05% | Recall=95.34% | MAE=N/A
Model C | Epoch 027/100 | Train Loss=0.0120 | Val Loss=0.2028 | Acc=97.04% | Precision=97.47% | Recall=94.36% | MAE=N/A
Model C | Epoch 028/100 | Train Loss=0.0147 | Val Loss=0.2171 | Acc=93.72% | Precision=87.89% | Recall=96.08% | MAE=N/A
Model C | Epoch 029/100 | Train Loss=0.0283 | Val Loss=0.1532 | Acc=96.05% | Precision=93.75% | Recall=95.59% | MAE=N/A
Model C | Epoch 030/100 | Train Loss=0.0347 | Val Loss=0.1399 | Acc=95.16% | Precision=92.14% | Recall=94.85% | MAE=N/A
Model C | Epoch 031/100 | Train Loss=0.0376 | Val Loss=0.2017 | Acc=96.50% | Precision=96.95% | Recall=93.38% | MAE=N/A
Model C | Epoch 032/100 | Train Loss=0.0261 | Val Loss=0.1337 | Acc=96.50% | Precision=95.11% | Recall=95.34% | MAE=N/A
Model C | Epoch 033/100 | Train Loss=0.0183 | Val Loss=0.1783 | Acc=96.41% | Precision=96.46% | Recall=93.63% | MAE=N/A
Model C | Epoch 034/100 | Train Loss=0.0154 | Val Loss=0.1659 | Acc=96.77% | Precision=95.37% | Recall=95.83% | MAE=N/A
Model C | Epoch 035/100 | Train Loss=0.0165 | Val Loss=0.1825 | Acc=96.95% | Precision=97.46% | Recall=94.12% | MAE=N/A
Model C | Epoch 036/100 | Train Loss=0.0118 | Val Loss=0.1911 | Acc=95.78% | Precision=93.92% | Recall=94.61% | MAE=N/A
Model C | Epoch 037/100 | Train Loss=0.0096 | Val Loss=0.2049 | Acc=96.50% | Precision=95.33% | Recall=95.10% | MAE=N/A
Model C | Epoch 038/100 | Train Loss=0.0098 | Val Loss=0.1721 | Acc=96.59% | Precision=95.79% | Recall=94.85% | MAE=N/A
Model C | Epoch 039/100 | Train Loss=0.0098 | Val Loss=0.2009 | Acc=96.32% | Precision=95.53% | Recall=94.36% | MAE=N/A
Model C | Epoch 040/100 | Train Loss=0.0079 | Val Loss=0.2177 | Acc=96.77% | Precision=96.50% | Recall=94.61% | MAE=N/A
Model C | Epoch 041/100 | Train Loss=0.0123 | Val Loss=0.1921 | Acc=96.95% | Precision=96.75% | Recall=94.85% | MAE=N/A
Model C | Epoch 042/100 | Train Loss=0.0111 | Val Loss=0.1834 | Acc=96.50% | Precision=95.56% | Recall=94.85% | MAE=N/A
Model C | Epoch 043/100 | Train Loss=0.0093 | Val Loss=0.2172 | Acc=96.32% | Precision=95.53% | Recall=94.36% | MAE=N/A
Model C | Epoch 044/100 | Train Loss=0.0134 | Val Loss=0.1863 | Acc=96.50% | Precision=94.89% | Recall=95.59% | MAE=N/A
Model C | Epoch 045/100 | Train Loss=0.0083 | Val Loss=0.1939 | Acc=96.41% | Precision=95.10% | Recall=95.10% | MAE=N/A
Model C | Epoch 046/100 | Train Loss=0.0067 | Val Loss=0.2223 | Acc=96.41% | Precision=95.77% | Recall=94.36% | MAE=N/A
Model C | Epoch 047/100 | Train Loss=0.0066 | Val Loss=0.2020 | Acc=96.86% | Precision=95.60% | Recall=95.83% | MAE=N/A
Model C | Epoch 048/100 | Train Loss=0.0058 | Val Loss=0.2214 | Acc=96.23% | Precision=95.07% | Recall=94.61% | MAE=N/A
Model C | Epoch 049/100 | Train Loss=0.0059 | Val Loss=0.2700 | Acc=96.23% | Precision=95.98% | Recall=93.63% | MAE=N/A
Model C | Epoch 050/100 | Train Loss=0.0047 | Val Loss=0.2576 | Acc=96.41% | Precision=96.00% | Recall=94.12% | MAE=N/A
Model C | Epoch 051/100 | Train Loss=0.0072 | Val Loss=0.2539 | Acc=96.41% | Precision=95.54% | Recall=94.61% | MAE=N/A
Model C | Epoch 052/100 | Train Loss=0.0055 | Val Loss=0.2272 | Acc=96.50% | Precision=96.01% | Recall=94.36% | MAE=N/A
Model C | Epoch 053/100 | Train Loss=0.0060 | Val Loss=0.2143 | Acc=96.77% | Precision=96.04% | Recall=95.10% | MAE=N/A
Model C | Epoch 054/100 | Train Loss=0.0059 | Val Loss=0.2097 | Acc=96.59% | Precision=95.79% | Recall=94.85% | MAE=N/A
Model C | Epoch 055/100 | Train Loss=0.0072 | Val Loss=0.2242 | Acc=96.77% | Precision=96.73% | Recall=94.36% | MAE=N/A
Model C | Epoch 056/100 | Train Loss=0.0076 | Val Loss=0.1983 | Acc=97.13% | Precision=96.31% | Recall=95.83% | MAE=N/A
Model C | Epoch 057/100 | Train Loss=0.0058 | Val Loss=0.2116 | Acc=96.95% | Precision=96.06% | Recall=95.59% | MAE=N/A
Model C | Epoch 058/100 | Train Loss=0.0061 | Val Loss=0.2225 | Acc=96.59% | Precision=96.48% | Recall=94.12% | MAE=N/A
Model C | Epoch 059/100 | Train Loss=0.0054 | Val Loss=0.2249 | Acc=96.68% | Precision=96.73% | Recall=94.12% | MAE=N/A
Model C | Epoch 060/100 | Train Loss=0.0046 | Val Loss=0.2289 | Acc=96.77% | Precision=96.97% | Recall=94.12% | MAE=N/A
Model C | Epoch 061/100 | Train Loss=0.0044 | Val Loss=0.2387 | Acc=96.77% | Precision=96.73% | Recall=94.36% | MAE=N/A
Model C | Epoch 062/100 | Train Loss=0.0042 | Val Loss=0.2462 | Acc=96.77% | Precision=96.73% | Recall=94.36% | MAE=N/A
Model C | Epoch 063/100 | Train Loss=0.0043 | Val Loss=0.2628 | Acc=96.77% | Precision=96.50% | Recall=94.61% | MAE=N/A
Model C | Epoch 064/100 | Train Loss=0.0040 | Val Loss=0.2512 | Acc=96.86% | Precision=96.98% | Recall=94.36% | MAE=N/A
Model C | Epoch 065/100 | Train Loss=0.0040 | Val Loss=0.2595 | Acc=96.86% | Precision=96.98% | Recall=94.36% | MAE=N/A
Model C | Epoch 066/100 | Train Loss=0.0038 | Val Loss=0.2568 | Acc=96.77% | Precision=96.50% | Recall=94.61% | MAE=N/A
Model C | Epoch 067/100 | Train Loss=0.0037 | Val Loss=0.2652 | Acc=96.59% | Precision=96.02% | Recall=94.61% | MAE=N/A
Model C | Epoch 068/100 | Train Loss=0.0039 | Val Loss=0.2865 | Acc=96.68% | Precision=96.26% | Recall=94.61% | MAE=N/A
Model C | Epoch 069/100 | Train Loss=0.0041 | Val Loss=0.2564 | Acc=97.04% | Precision=97.23% | Recall=94.61% | MAE=N/A
Model C | Epoch 070/100 | Train Loss=0.0049 | Val Loss=0.2229 | Acc=96.59% | Precision=96.02% | Recall=94.61% | MAE=N/A
Model C | Epoch 071/100 | Train Loss=0.0044 | Val Loss=0.2018 | Acc=96.77% | Precision=95.81% | Recall=95.34% | MAE=N/A
Model C | Epoch 072/100 | Train Loss=0.0042 | Val Loss=0.2426 | Acc=96.95% | Precision=96.29% | Recall=95.34% | MAE=N/A
Model C | Epoch 073/100 | Train Loss=0.0056 | Val Loss=0.2598 | Acc=96.50% | Precision=96.47% | Recall=93.87% | MAE=N/A
Model C | Epoch 074/100 | Train Loss=0.0055 | Val Loss=0.1999 | Acc=96.86% | Precision=96.05% | Recall=95.34% | MAE=N/A
Model C | Epoch 075/100 | Train Loss=0.0082 | Val Loss=0.2038 | Acc=96.41% | Precision=94.02% | Recall=96.32% | MAE=N/A
Model C | Epoch 076/100 | Train Loss=0.0279 | Val Loss=0.3434 | Acc=90.76% | Precision=81.19% | Recall=97.30% | MAE=N/A
Model C | Epoch 077/100 | Train Loss=0.0428 | Val Loss=0.1938 | Acc=95.34% | Precision=97.59% | Recall=89.46% | MAE=N/A
Model C | Epoch 078/100 | Train Loss=0.0352 | Val Loss=0.1360 | Acc=95.87% | Precision=93.93% | Recall=94.85% | MAE=N/A
Model C | Epoch 079/100 | Train Loss=0.0266 | Val Loss=0.1277 | Acc=97.13% | Precision=95.85% | Recall=96.32% | MAE=N/A
Model C | Epoch 080/100 | Train Loss=0.0210 | Val Loss=0.1347 | Acc=96.68% | Precision=94.48% | Recall=96.57% | MAE=N/A
Model C | Epoch 081/100 | Train Loss=0.0139 | Val Loss=0.1666 | Acc=96.77% | Precision=96.97% | Recall=94.12% | MAE=N/A
Model C | Epoch 082/100 | Train Loss=0.0134 | Val Loss=0.1645 | Acc=96.23% | Precision=95.07% | Recall=94.61% | MAE=N/A
Model C | Epoch 083/100 | Train Loss=0.0133 | Val Loss=0.1647 | Acc=96.32% | Precision=95.09% | Recall=94.85% | MAE=N/A
Model C | Epoch 084/100 | Train Loss=0.0105 | Val Loss=0.1730 | Acc=96.86% | Precision=95.82% | Recall=95.59% | MAE=N/A
Model C | Epoch 085/100 | Train Loss=0.0099 | Val Loss=0.1703 | Acc=96.59% | Precision=95.34% | Recall=95.34% | MAE=N/A
Model C | Epoch 086/100 | Train Loss=0.0072 | Val Loss=0.1939 | Acc=96.86% | Precision=96.28% | Recall=95.10% | MAE=N/A
Model C | Epoch 087/100 | Train Loss=0.0071 | Val Loss=0.2014 | Acc=96.59% | Precision=95.79% | Recall=94.85% | MAE=N/A
Model C | Epoch 088/100 | Train Loss=0.0061 | Val Loss=0.1984 | Acc=96.95% | Precision=96.29% | Recall=95.34% | MAE=N/A
Model C | Epoch 089/100 | Train Loss=0.0066 | Val Loss=0.1860 | Acc=96.95% | Precision=96.75% | Recall=94.85% | MAE=N/A
Model C | Epoch 090/100 | Train Loss=0.0060 | Val Loss=0.1887 | Acc=96.95% | Precision=96.29% | Recall=95.34% | MAE=N/A
Model C | Epoch 091/100 | Train Loss=0.0055 | Val Loss=0.1951 | Acc=97.04% | Precision=96.30% | Recall=95.59% | MAE=N/A
Model C | Epoch 092/100 | Train Loss=0.0052 | Val Loss=0.1952 | Acc=97.13% | Precision=96.53% | Recall=95.59% | MAE=N/A
Model C | Epoch 093/100 | Train Loss=0.0054 | Val Loss=0.2022 | Acc=97.04% | Precision=96.30% | Recall=95.59% | MAE=N/A
Model C | Epoch 094/100 | Train Loss=0.0060 | Val Loss=0.2142 | Acc=97.04% | Precision=96.30% | Recall=95.59% | MAE=N/A
Model C | Epoch 095/100 | Train Loss=0.0048 | Val Loss=0.1960 | Acc=96.95% | Precision=96.06% | Recall=95.59% | MAE=N/A
Model C | Epoch 096/100 | Train Loss=0.0047 | Val Loss=0.2052 | Acc=97.13% | Precision=95.85% | Recall=96.32% | MAE=N/A
Model C | Epoch 097/100 | Train Loss=0.0042 | Val Loss=0.2502 | Acc=96.86% | Precision=96.05% | Recall=95.34% | MAE=N/A
Model C | Epoch 098/100 | Train Loss=0.0043 | Val Loss=0.2082 | Acc=97.04% | Precision=95.40% | Recall=96.57% | MAE=N/A
Model C | Epoch 099/100 | Train Loss=0.0051 | Val Loss=0.2018 | Acc=97.22% | Precision=95.86% | Recall=96.57% | MAE=N/A
Model C | Epoch 100/100 | Train Loss=0.0041 | Val Loss=0.2097 | Acc=96.95% | Precision=95.83% | Recall=95.83% | MAE=N/A
----------------------------------------------------------------------------------------
Model C best checkpoint
  Accuracy             : 97.76%
  Precision            : 97.52%
  Recall               : 96.32%
  MAE                  : N/A
  Checkpoint           : Model_C_best.pth
Saved Model_C_best.pth

========================================================================================
Training Model D
========================================================================================
Model D | Epoch 001/100 | Train Loss=1400.2997 | Val Loss=935.8031 | Acc=N/A | Precision=nan% | Recall=nan% | MAE=139.5266
Model D | Epoch 002/100 | Train Loss=883.7873 | Val Loss=277.7716 | Acc=N/A | Precision=nan% | Recall=nan% | MAE=40.3362
Model D | Epoch 003/100 | Train Loss=184.0958 | Val Loss=126.4769 | Acc=N/A | Precision=nan% | Recall=nan% | MAE=18.4641
Model D | Epoch 004/100 | Train Loss=143.7088 | Val Loss=126.8975 | Acc=N/A | Precision=nan% | Recall=nan% | MAE=19.4340
Model D | Epoch 005/100 | Train Loss=135.3820 | Val Loss=51.8154 | Acc=N/A | Precision=nan% | Recall=nan% | MAE=7.9545
Model D | Epoch 006/100 | Train Loss=134.3142 | Val Loss=55.0748 | Acc=N/A | Precision=nan% | Recall=nan% | MAE=8.2248
Model D | Epoch 007/100 | Train Loss=130.9315 | Val Loss=47.6713 | Acc=N/A | Precision=nan% | Recall=nan% | MAE=6.4138
Model D | Epoch 008/100 | Train Loss=131.6182 | Val Loss=39.8338 | Acc=N/A | Precision=nan% | Recall=nan% | MAE=5.8811
Model D | Epoch 009/100 | Train Loss=126.0088 | Val Loss=37.5562 | Acc=N/A | Precision=nan% | Recall=nan% | MAE=5.4031
Model D | Epoch 010/100 | Train Loss=125.3723 | Val Loss=42.1920 | Acc=N/A | Precision=nan% | Recall=nan% | MAE=6.3255
Model D | Epoch 011/100 | Train Loss=122.4756 | Val Loss=33.8397 | Acc=N/A | Precision=nan% | Recall=nan% | MAE=4.9007
Model D | Epoch 012/100 | Train Loss=121.6510 | Val Loss=37.8641 | Acc=N/A | Precision=nan% | Recall=nan% | MAE=5.5726
Model D | Epoch 013/100 | Train Loss=117.4847 | Val Loss=30.5092 | Acc=N/A | Precision=nan% | Recall=nan% | MAE=4.5056
Model D | Epoch 014/100 | Train Loss=120.6597 | Val Loss=35.0317 | Acc=N/A | Precision=nan% | Recall=nan% | MAE=4.9036
Model D | Epoch 015/100 | Train Loss=119.7132 | Val Loss=32.7236 | Acc=N/A | Precision=nan% | Recall=nan% | MAE=4.7625
Model D | Epoch 016/100 | Train Loss=118.1303 | Val Loss=29.1383 | Acc=N/A | Precision=nan% | Recall=nan% | MAE=4.4675
Model D | Epoch 017/100 | Train Loss=118.3928 | Val Loss=29.4692 | Acc=N/A | Precision=nan% | Recall=nan% | MAE=4.2895
Model D | Epoch 018/100 | Train Loss=114.3533 | Val Loss=29.8698 | Acc=N/A | Precision=nan% | Recall=nan% | MAE=4.4865
Model D | Epoch 019/100 | Train Loss=115.3447 | Val Loss=54.8366 | Acc=N/A | Precision=nan% | Recall=nan% | MAE=8.4154
Model D | Epoch 020/100 | Train Loss=117.5350 | Val Loss=38.9611 | Acc=N/A | Precision=nan% | Recall=nan% | MAE=5.5490
Model D | Epoch 021/100 | Train Loss=115.5455 | Val Loss=31.4976 | Acc=N/A | Precision=nan% | Recall=nan% | MAE=4.6242
Model D | Epoch 022/100 | Train Loss=117.8353 | Val Loss=26.0581 | Acc=N/A | Precision=nan% | Recall=nan% | MAE=3.9239
Model D | Epoch 023/100 | Train Loss=118.3370 | Val Loss=32.8726 | Acc=N/A | Precision=nan% | Recall=nan% | MAE=4.7238
Model D | Epoch 024/100 | Train Loss=118.7910 | Val Loss=44.1571 | Acc=N/A | Precision=nan% | Recall=nan% | MAE=6.9557
Model D | Epoch 025/100 | Train Loss=114.3254 | Val Loss=31.2095 | Acc=N/A | Precision=nan% | Recall=nan% | MAE=4.7009
Model D | Epoch 026/100 | Train Loss=115.1400 | Val Loss=25.2526 | Acc=N/A | Precision=nan% | Recall=nan% | MAE=3.8898
Model D | Epoch 027/100 | Train Loss=114.8682 | Val Loss=24.5311 | Acc=N/A | Precision=nan% | Recall=nan% | MAE=3.7941
Model D | Epoch 028/100 | Train Loss=115.2958 | Val Loss=27.1239 | Acc=N/A | Precision=nan% | Recall=nan% | MAE=4.1649
Model D | Epoch 029/100 | Train Loss=117.6841 | Val Loss=40.0978 | Acc=N/A | Precision=nan% | Recall=nan% | MAE=5.8214
Model D | Epoch 030/100 | Train Loss=114.2369 | Val Loss=24.1569 | Acc=N/A | Precision=nan% | Recall=nan% | MAE=3.5555
Model D | Epoch 031/100 | Train Loss=115.0320 | Val Loss=28.0539 | Acc=N/A | Precision=nan% | Recall=nan% | MAE=4.0060
Model D | Epoch 032/100 | Train Loss=115.7097 | Val Loss=53.3054 | Acc=N/A | Precision=nan% | Recall=nan% | MAE=7.6910
Model D | Epoch 033/100 | Train Loss=115.4599 | Val Loss=38.2646 | Acc=N/A | Precision=nan% | Recall=nan% | MAE=5.5161
Model D | Epoch 034/100 | Train Loss=113.8977 | Val Loss=25.2188 | Acc=N/A | Precision=nan% | Recall=nan% | MAE=3.5956
Model D | Epoch 035/100 | Train Loss=114.9410 | Val Loss=23.8355 | Acc=N/A | Precision=nan% | Recall=nan% | MAE=3.4947
Model D | Epoch 036/100 | Train Loss=116.3508 | Val Loss=23.5934 | Acc=N/A | Precision=nan% | Recall=nan% | MAE=3.5442
Model D | Epoch 037/100 | Train Loss=116.1539 | Val Loss=26.2637 | Acc=N/A | Precision=nan% | Recall=nan% | MAE=3.7217
Model D | Epoch 038/100 | Train Loss=116.9455 | Val Loss=30.0509 | Acc=N/A | Precision=nan% | Recall=nan% | MAE=4.1895
Model D | Epoch 039/100 | Train Loss=113.1266 | Val Loss=22.9057 | Acc=N/A | Precision=nan% | Recall=nan% | MAE=3.3174
Model D | Epoch 040/100 | Train Loss=114.4824 | Val Loss=31.6216 | Acc=N/A | Precision=nan% | Recall=nan% | MAE=4.7509
Model D | Epoch 041/100 | Train Loss=115.4233 | Val Loss=33.2146 | Acc=N/A | Precision=nan% | Recall=nan% | MAE=5.1132
Model D | Epoch 042/100 | Train Loss=116.1222 | Val Loss=29.0793 | Acc=N/A | Precision=nan% | Recall=nan% | MAE=4.2807
Model D | Epoch 043/100 | Train Loss=112.9971 | Val Loss=34.3555 | Acc=N/A | Precision=nan% | Recall=nan% | MAE=5.2977
Model D | Epoch 044/100 | Train Loss=112.9356 | Val Loss=25.4651 | Acc=N/A | Precision=nan% | Recall=nan% | MAE=3.8781
Model D | Epoch 045/100 | Train Loss=111.8499 | Val Loss=33.6360 | Acc=N/A | Precision=nan% | Recall=nan% | MAE=5.0211
Model D | Epoch 046/100 | Train Loss=112.4885 | Val Loss=25.7084 | Acc=N/A | Precision=nan% | Recall=nan% | MAE=3.9710
Model D | Epoch 047/100 | Train Loss=111.7119 | Val Loss=34.8450 | Acc=N/A | Precision=nan% | Recall=nan% | MAE=5.2873
Model D | Epoch 048/100 | Train Loss=116.4775 | Val Loss=22.3802 | Acc=N/A | Precision=nan% | Recall=nan% | MAE=3.1370
Model D | Epoch 049/100 | Train Loss=113.6338 | Val Loss=23.4591 | Acc=N/A | Precision=nan% | Recall=nan% | MAE=3.3496
Model D | Epoch 050/100 | Train Loss=113.6458 | Val Loss=41.8208 | Acc=N/A | Precision=nan% | Recall=nan% | MAE=6.2024
Model D | Epoch 051/100 | Train Loss=116.6958 | Val Loss=37.4568 | Acc=N/A | Precision=nan% | Recall=nan% | MAE=5.5870
Model D | Epoch 052/100 | Train Loss=114.3184 | Val Loss=38.3768 | Acc=N/A | Precision=nan% | Recall=nan% | MAE=5.7939
Model D | Epoch 053/100 | Train Loss=114.6688 | Val Loss=24.4934 | Acc=N/A | Precision=nan% | Recall=nan% | MAE=3.5807
Model D | Epoch 054/100 | Train Loss=115.3389 | Val Loss=30.0221 | Acc=N/A | Precision=nan% | Recall=nan% | MAE=4.6456
Model D | Epoch 055/100 | Train Loss=113.2876 | Val Loss=28.0702 | Acc=N/A | Precision=nan% | Recall=nan% | MAE=4.0943
Model D | Epoch 056/100 | Train Loss=111.2859 | Val Loss=21.9706 | Acc=N/A | Precision=nan% | Recall=nan% | MAE=3.2607
Model D | Epoch 057/100 | Train Loss=112.0707 | Val Loss=32.2893 | Acc=N/A | Precision=nan% | Recall=nan% | MAE=4.7192
Model D | Epoch 058/100 | Train Loss=115.3585 | Val Loss=21.6291 | Acc=N/A | Precision=nan% | Recall=nan% | MAE=3.1994
Model D | Epoch 059/100 | Train Loss=114.4567 | Val Loss=45.1148 | Acc=N/A | Precision=nan% | Recall=nan% | MAE=6.5939
Model D | Epoch 060/100 | Train Loss=111.8555 | Val Loss=30.9052 | Acc=N/A | Precision=nan% | Recall=nan% | MAE=4.6827
Model D | Epoch 061/100 | Train Loss=113.4315 | Val Loss=19.3689 | Acc=N/A | Precision=nan% | Recall=nan% | MAE=2.8296
Model D | Epoch 062/100 | Train Loss=112.4952 | Val Loss=27.7224 | Acc=N/A | Precision=nan% | Recall=nan% | MAE=4.1128
Model D | Epoch 063/100 | Train Loss=114.8411 | Val Loss=26.6218 | Acc=N/A | Precision=nan% | Recall=nan% | MAE=3.9987
Model D | Epoch 064/100 | Train Loss=109.2704 | Val Loss=22.2214 | Acc=N/A | Precision=nan% | Recall=nan% | MAE=3.3121
Model D | Epoch 065/100 | Train Loss=111.5615 | Val Loss=24.9450 | Acc=N/A | Precision=nan% | Recall=nan% | MAE=4.0030
Model D | Epoch 066/100 | Train Loss=112.7075 | Val Loss=25.1774 | Acc=N/A | Precision=nan% | Recall=nan% | MAE=3.6261
Model D | Epoch 067/100 | Train Loss=113.2851 | Val Loss=20.8037 | Acc=N/A | Precision=nan% | Recall=nan% | MAE=3.1197
Model D | Epoch 068/100 | Train Loss=114.6663 | Val Loss=32.7822 | Acc=N/A | Precision=nan% | Recall=nan% | MAE=4.7122
Model D | Epoch 069/100 | Train Loss=111.3339 | Val Loss=45.9024 | Acc=N/A | Precision=nan% | Recall=nan% | MAE=7.0785
Model D | Epoch 070/100 | Train Loss=111.0429 | Val Loss=23.9518 | Acc=N/A | Precision=nan% | Recall=nan% | MAE=3.4250
Model D | Epoch 071/100 | Train Loss=114.4900 | Val Loss=27.1488 | Acc=N/A | Precision=nan% | Recall=nan% | MAE=4.0100
Model D | Epoch 072/100 | Train Loss=114.2691 | Val Loss=20.8452 | Acc=N/A | Precision=nan% | Recall=nan% | MAE=3.1065
Model D | Epoch 073/100 | Train Loss=113.0933 | Val Loss=22.0275 | Acc=N/A | Precision=nan% | Recall=nan% | MAE=3.2069
Model D | Epoch 074/100 | Train Loss=111.7909 | Val Loss=27.3415 | Acc=N/A | Precision=nan% | Recall=nan% | MAE=3.9390
Model D | Epoch 075/100 | Train Loss=114.4175 | Val Loss=21.9235 | Acc=N/A | Precision=nan% | Recall=nan% | MAE=3.1890
Model D | Epoch 076/100 | Train Loss=112.9624 | Val Loss=20.0086 | Acc=N/A | Precision=nan% | Recall=nan% | MAE=3.1120
Model D | Epoch 077/100 | Train Loss=110.6832 | Val Loss=22.3371 | Acc=N/A | Precision=nan% | Recall=nan% | MAE=3.2300
Model D | Epoch 078/100 | Train Loss=113.0119 | Val Loss=26.0199 | Acc=N/A | Precision=nan% | Recall=nan% | MAE=3.7198
Model D | Epoch 079/100 | Train Loss=114.1385 | Val Loss=25.1393 | Acc=N/A | Precision=nan% | Recall=nan% | MAE=3.5050
Model D | Epoch 080/100 | Train Loss=111.8129 | Val Loss=32.0686 | Acc=N/A | Precision=nan% | Recall=nan% | MAE=4.8350
Model D | Epoch 081/100 | Train Loss=113.6479 | Val Loss=20.8418 | Acc=N/A | Precision=nan% | Recall=nan% | MAE=2.9589
Model D | Epoch 082/100 | Train Loss=110.7877 | Val Loss=26.8206 | Acc=N/A | Precision=nan% | Recall=nan% | MAE=4.0587
Model D | Epoch 083/100 | Train Loss=112.6556 | Val Loss=31.9905 | Acc=N/A | Precision=nan% | Recall=nan% | MAE=4.5784
Model D | Epoch 084/100 | Train Loss=113.1387 | Val Loss=23.4269 | Acc=N/A | Precision=nan% | Recall=nan% | MAE=3.3561
Model D | Epoch 085/100 | Train Loss=110.4327 | Val Loss=27.6592 | Acc=N/A | Precision=nan% | Recall=nan% | MAE=4.0447
Model D | Epoch 086/100 | Train Loss=112.3280 | Val Loss=20.9743 | Acc=N/A | Precision=nan% | Recall=nan% | MAE=3.1237
Model D | Epoch 087/100 | Train Loss=112.6385 | Val Loss=36.8721 | Acc=N/A | Precision=nan% | Recall=nan% | MAE=5.5226
Model D | Epoch 088/100 | Train Loss=112.3382 | Val Loss=41.9538 | Acc=N/A | Precision=nan% | Recall=nan% | MAE=6.4069
Model D | Epoch 089/100 | Train Loss=112.6471 | Val Loss=20.5437 | Acc=N/A | Precision=nan% | Recall=nan% | MAE=2.9676
Model D | Epoch 090/100 | Train Loss=113.6554 | Val Loss=25.3304 | Acc=N/A | Precision=nan% | Recall=nan% | MAE=3.7456
Model D | Epoch 091/100 | Train Loss=111.7572 | Val Loss=18.6336 | Acc=N/A | Precision=nan% | Recall=nan% | MAE=2.8495
Model D | Epoch 092/100 | Train Loss=112.5702 | Val Loss=19.8091 | Acc=N/A | Precision=nan% | Recall=nan% | MAE=2.8977
Model D | Epoch 093/100 | Train Loss=114.3964 | Val Loss=36.1918 | Acc=N/A | Precision=nan% | Recall=nan% | MAE=5.6937
Model D | Epoch 094/100 | Train Loss=113.4191 | Val Loss=21.0823 | Acc=N/A | Precision=nan% | Recall=nan% | MAE=3.0442
Model D | Epoch 095/100 | Train Loss=112.3643 | Val Loss=19.8755 | Acc=N/A | Precision=nan% | Recall=nan% | MAE=2.9633
Model D | Epoch 096/100 | Train Loss=110.9880 | Val Loss=17.4908 | Acc=N/A | Precision=nan% | Recall=nan% | MAE=2.6272
Model D | Epoch 097/100 | Train Loss=113.2371 | Val Loss=22.0900 | Acc=N/A | Precision=nan% | Recall=nan% | MAE=3.2334
Model D | Epoch 098/100 | Train Loss=113.9377 | Val Loss=22.1195 | Acc=N/A | Precision=nan% | Recall=nan% | MAE=3.2695
Model D | Epoch 099/100 | Train Loss=112.9303 | Val Loss=18.6688 | Acc=N/A | Precision=nan% | Recall=nan% | MAE=2.6954
Model D | Epoch 100/100 | Train Loss=110.3019 | Val Loss=26.6725 | Acc=N/A | Precision=nan% | Recall=nan% | MAE=4.1972
----------------------------------------------------------------------------------------
Model D best checkpoint
  Accuracy             : N/A
  Precision            : N/A
  Recall               : N/A
  MAE                  : 2.6272
  Checkpoint           : Model_D_best.pth
Saved Model_D_best.pth

========================================================================================
Training Model E
========================================================================================
Model E | Epoch 001/100 | Train Loss=1390.4587 | Val Loss=936.5789 | Acc=67.26% | Precision=54.58% | Recall=62.75% | MAE=139.5319
Model E | Epoch 002/100 | Train Loss=843.7508 | Val Loss=182.9545 | Acc=80.45% | Precision=65.68% | Recall=97.55% | MAE=26.4006
Model E | Epoch 003/100 | Train Loss=178.0855 | Val Loss=169.3676 | Acc=77.04% | Precision=82.76% | Recall=47.06% | MAE=25.1944
Model E | Epoch 004/100 | Train Loss=146.0450 | Val Loss=107.0232 | Acc=81.88% | Precision=88.15% | Recall=58.33% | MAE=16.0993
Model E | Epoch 005/100 | Train Loss=130.5442 | Val Loss=51.8582 | Acc=80.18% | Precision=66.79% | Recall=91.18% | MAE=7.9864
Model E | Epoch 006/100 | Train Loss=126.1285 | Val Loss=39.4575 | Acc=82.15% | Precision=72.67% | Recall=82.11% | MAE=5.7973
Model E | Epoch 007/100 | Train Loss=124.4750 | Val Loss=60.1033 | Acc=84.75% | Precision=79.90% | Recall=77.94% | MAE=9.1822
Model E | Epoch 008/100 | Train Loss=124.2120 | Val Loss=39.9935 | Acc=83.32% | Precision=75.00% | Recall=81.62% | MAE=6.0512
Model E | Epoch 009/100 | Train Loss=117.4693 | Val Loss=59.1240 | Acc=85.20% | Precision=80.76% | Recall=78.19% | MAE=8.8776
Model E | Epoch 010/100 | Train Loss=118.3092 | Val Loss=36.1231 | Acc=88.43% | Precision=85.14% | Recall=82.84% | MAE=5.2539
Model E | Epoch 011/100 | Train Loss=117.1952 | Val Loss=33.5343 | Acc=89.78% | Precision=88.28% | Recall=83.09% | MAE=5.1421
Model E | Epoch 012/100 | Train Loss=118.1517 | Val Loss=30.3035 | Acc=89.06% | Precision=86.86% | Recall=82.60% | MAE=4.4991
Model E | Epoch 013/100 | Train Loss=115.2879 | Val Loss=34.0753 | Acc=89.33% | Precision=91.17% | Recall=78.43% | MAE=5.2038
Model E | Epoch 014/100 | Train Loss=113.1270 | Val Loss=30.4668 | Acc=87.62% | Precision=89.47% | Recall=75.00% | MAE=4.6207
Model E | Epoch 015/100 | Train Loss=115.5751 | Val Loss=32.0575 | Acc=88.25% | Precision=90.38% | Recall=75.98% | MAE=4.8078
Model E | Epoch 016/100 | Train Loss=113.1240 | Val Loss=38.9964 | Acc=89.06% | Precision=87.63% | Recall=81.62% | MAE=5.6825
Model E | Epoch 017/100 | Train Loss=113.0232 | Val Loss=44.0757 | Acc=88.34% | Precision=84.58% | Recall=83.33% | MAE=6.4537
Model E | Epoch 018/100 | Train Loss=112.8520 | Val Loss=38.2080 | Acc=87.98% | Precision=82.46% | Recall=85.29% | MAE=5.4036
Model E | Epoch 019/100 | Train Loss=111.1042 | Val Loss=33.9606 | Acc=88.97% | Precision=92.54% | Recall=75.98% | MAE=5.1175
Model E | Epoch 020/100 | Train Loss=111.9887 | Val Loss=30.0666 | Acc=90.13% | Precision=89.01% | Recall=83.33% | MAE=4.1631
Model E | Epoch 021/100 | Train Loss=110.6311 | Val Loss=28.5943 | Acc=89.78% | Precision=92.00% | Recall=78.92% | MAE=4.1450
Model E | Epoch 022/100 | Train Loss=111.0864 | Val Loss=37.4166 | Acc=90.13% | Precision=89.84% | Recall=82.35% | MAE=5.9455
Model E | Epoch 023/100 | Train Loss=107.9550 | Val Loss=31.7669 | Acc=89.78% | Precision=85.00% | Recall=87.50% | MAE=4.8101
Model E | Epoch 024/100 | Train Loss=109.3189 | Val Loss=57.3125 | Acc=88.97% | Precision=93.05% | Recall=75.49% | MAE=8.5173
Model E | Epoch 025/100 | Train Loss=111.1431 | Val Loss=27.5513 | Acc=89.78% | Precision=86.93% | Recall=84.80% | MAE=4.0909
Model E | Epoch 026/100 | Train Loss=112.6089 | Val Loss=34.0942 | Acc=90.76% | Precision=92.48% | Recall=81.37% | MAE=5.2656
Model E | Epoch 027/100 | Train Loss=108.6107 | Val Loss=34.1256 | Acc=90.22% | Precision=90.74% | Recall=81.62% | MAE=4.9472
Model E | Epoch 028/100 | Train Loss=111.6042 | Val Loss=26.6969 | Acc=89.15% | Precision=84.91% | Recall=85.54% | MAE=4.0001
Model E | Epoch 029/100 | Train Loss=109.9818 | Val Loss=46.8566 | Acc=88.61% | Precision=92.97% | Recall=74.51% | MAE=6.9660
Model E | Epoch 030/100 | Train Loss=110.4540 | Val Loss=27.6481 | Acc=89.96% | Precision=88.54% | Recall=83.33% | MAE=4.2011
Model E | Epoch 031/100 | Train Loss=110.5990 | Val Loss=22.8806 | Acc=87.80% | Precision=82.38% | Recall=84.80% | MAE=3.6960
Model E | Epoch 032/100 | Train Loss=108.3694 | Val Loss=32.2637 | Acc=88.61% | Precision=93.50% | Recall=74.02% | MAE=4.5833
Model E | Epoch 033/100 | Train Loss=109.4188 | Val Loss=24.5159 | Acc=89.96% | Precision=91.57% | Recall=79.90% | MAE=3.4176
Model E | Epoch 034/100 | Train Loss=111.4795 | Val Loss=24.7689 | Acc=90.49% | Precision=91.71% | Recall=81.37% | MAE=3.6865
Model E | Epoch 035/100 | Train Loss=110.2025 | Val Loss=24.6448 | Acc=90.58% | Precision=91.06% | Recall=82.35% | MAE=3.4253
Model E | Epoch 036/100 | Train Loss=109.3483 | Val Loss=36.6700 | Acc=89.51% | Precision=93.18% | Recall=76.96% | MAE=5.9189
Model E | Epoch 037/100 | Train Loss=107.7624 | Val Loss=21.6986 | Acc=90.85% | Precision=90.91% | Recall=83.33% | MAE=3.2697
Model E | Epoch 038/100 | Train Loss=110.1160 | Val Loss=27.0366 | Acc=90.67% | Precision=91.99% | Recall=81.62% | MAE=4.0270
Model E | Epoch 039/100 | Train Loss=108.3803 | Val Loss=26.8006 | Acc=91.48% | Precision=93.35% | Recall=82.60% | MAE=3.9943
Model E | Epoch 040/100 | Train Loss=110.2072 | Val Loss=23.0341 | Acc=90.58% | Precision=91.06% | Recall=82.35% | MAE=3.4376
Model E | Epoch 041/100 | Train Loss=106.6558 | Val Loss=24.1676 | Acc=91.12% | Precision=92.56% | Recall=82.35% | MAE=3.6306
Model E | Epoch 042/100 | Train Loss=109.4479 | Val Loss=21.3768 | Acc=90.58% | Precision=93.66% | Recall=79.66% | MAE=3.1732
Model E | Epoch 043/100 | Train Loss=106.3190 | Val Loss=22.8875 | Acc=90.31% | Precision=92.37% | Recall=80.15% | MAE=3.3140
Model E | Epoch 044/100 | Train Loss=108.5843 | Val Loss=20.4870 | Acc=90.31% | Precision=93.86% | Recall=78.68% | MAE=2.9784
Model E | Epoch 045/100 | Train Loss=107.3010 | Val Loss=20.9963 | Acc=89.33% | Precision=95.58% | Recall=74.26% | MAE=3.1635
Model E | Epoch 046/100 | Train Loss=106.3612 | Val Loss=30.4141 | Acc=90.94% | Precision=94.24% | Recall=80.15% | MAE=4.5721
Model E | Epoch 047/100 | Train Loss=107.6850 | Val Loss=20.3782 | Acc=92.02% | Precision=89.58% | Recall=88.48% | MAE=3.0404
Model E | Epoch 048/100 | Train Loss=110.1233 | Val Loss=21.2982 | Acc=89.60% | Precision=94.24% | Recall=76.23% | MAE=3.1539
Model E | Epoch 049/100 | Train Loss=108.0469 | Val Loss=31.0241 | Acc=91.48% | Precision=90.44% | Recall=85.78% | MAE=4.7680
Model E | Epoch 050/100 | Train Loss=109.3963 | Val Loss=23.5436 | Acc=90.76% | Precision=84.74% | Recall=91.18% | MAE=3.5542
Model E | Epoch 051/100 | Train Loss=107.9782 | Val Loss=22.5601 | Acc=90.85% | Precision=93.97% | Recall=80.15% | MAE=3.4131
Model E | Epoch 052/100 | Train Loss=107.6040 | Val Loss=21.1890 | Acc=90.85% | Precision=90.48% | Recall=83.82% | MAE=3.1575
Model E | Epoch 053/100 | Train Loss=106.0487 | Val Loss=41.2988 | Acc=91.30% | Precision=91.47% | Recall=84.07% | MAE=6.1358
Model E | Epoch 054/100 | Train Loss=109.1903 | Val Loss=23.2029 | Acc=91.03% | Precision=90.10% | Recall=84.80% | MAE=3.3183
Model E | Epoch 055/100 | Train Loss=108.2638 | Val Loss=26.9769 | Acc=91.66% | Precision=94.37% | Recall=82.11% | MAE=4.0214
Model E | Epoch 056/100 | Train Loss=110.7841 | Val Loss=31.9501 | Acc=92.20% | Precision=95.47% | Recall=82.60% | MAE=5.0258
Model E | Epoch 057/100 | Train Loss=109.0978 | Val Loss=19.4368 | Acc=91.57% | Precision=95.11% | Recall=81.13% | MAE=2.9044
Model E | Epoch 058/100 | Train Loss=108.3293 | Val Loss=36.1063 | Acc=92.91% | Precision=91.44% | Recall=88.97% | MAE=5.4797
Model E | Epoch 059/100 | Train Loss=110.9093 | Val Loss=30.2218 | Acc=92.65% | Precision=95.28% | Recall=84.07% | MAE=4.4720
Model E | Epoch 060/100 | Train Loss=108.5402 | Val Loss=28.5532 | Acc=93.36% | Precision=89.20% | Recall=93.14% | MAE=4.2996
Model E | Epoch 061/100 | Train Loss=109.1125 | Val Loss=20.0345 | Acc=93.36% | Precision=92.82% | Recall=88.73% | MAE=2.8324
Model E | Epoch 062/100 | Train Loss=105.0618 | Val Loss=39.5718 | Acc=92.74% | Precision=94.55% | Recall=85.05% | MAE=5.9139
Model E | Epoch 063/100 | Train Loss=107.5885 | Val Loss=20.8497 | Acc=91.03% | Precision=95.56% | Recall=79.17% | MAE=2.9839
Model E | Epoch 064/100 | Train Loss=108.7166 | Val Loss=23.9490 | Acc=93.90% | Precision=91.26% | Recall=92.16% | MAE=3.3288
Model E | Epoch 065/100 | Train Loss=108.9955 | Val Loss=23.0932 | Acc=91.03% | Precision=96.11% | Recall=78.68% | MAE=3.0706
Model E | Epoch 066/100 | Train Loss=107.5569 | Val Loss=27.0558 | Acc=93.45% | Precision=89.98% | Recall=92.40% | MAE=3.7532
Model E | Epoch 067/100 | Train Loss=109.3072 | Val Loss=22.1717 | Acc=93.27% | Precision=94.88% | Recall=86.27% | MAE=3.2302
Model E | Epoch 068/100 | Train Loss=109.9476 | Val Loss=25.8554 | Acc=93.90% | Precision=90.48% | Recall=93.14% | MAE=3.8145
Model E | Epoch 069/100 | Train Loss=107.7221 | Val Loss=32.2034 | Acc=93.99% | Precision=91.69% | Recall=91.91% | MAE=4.9027
Model E | Epoch 070/100 | Train Loss=108.2732 | Val Loss=32.6361 | Acc=93.72% | Precision=90.82% | Recall=92.16% | MAE=5.0465
Model E | Epoch 071/100 | Train Loss=110.4422 | Val Loss=30.8382 | Acc=93.36% | Precision=96.13% | Recall=85.29% | MAE=4.5124
Model E | Epoch 072/100 | Train Loss=108.9372 | Val Loss=25.3427 | Acc=94.08% | Precision=94.76% | Recall=88.73% | MAE=3.7788
Model E | Epoch 073/100 | Train Loss=109.8984 | Val Loss=34.1256 | Acc=93.54% | Precision=93.30% | Recall=88.73% | MAE=5.4812
Model E | Epoch 074/100 | Train Loss=107.1319 | Val Loss=20.9800 | Acc=92.56% | Precision=95.26% | Recall=83.82% | MAE=2.8318
Model E | Epoch 075/100 | Train Loss=109.8269 | Val Loss=20.9826 | Acc=93.27% | Precision=90.91% | Recall=90.69% | MAE=3.0018
Model E | Epoch 076/100 | Train Loss=106.1720 | Val Loss=23.6975 | Acc=94.17% | Precision=92.14% | Recall=91.91% | MAE=3.4818
Model E | Epoch 077/100 | Train Loss=107.7991 | Val Loss=24.5930 | Acc=93.99% | Precision=95.71% | Recall=87.50% | MAE=3.5917
Model E | Epoch 078/100 | Train Loss=106.1758 | Val Loss=33.4812 | Acc=94.53% | Precision=94.37% | Recall=90.44% | MAE=5.0018
Model E | Epoch 079/100 | Train Loss=106.8049 | Val Loss=26.3201 | Acc=94.80% | Precision=94.19% | Recall=91.42% | MAE=3.7589
Model E | Epoch 080/100 | Train Loss=105.2714 | Val Loss=21.1757 | Acc=94.98% | Precision=95.13% | Recall=90.93% | MAE=2.9344
Model E | Epoch 081/100 | Train Loss=108.6625 | Val Loss=20.6395 | Acc=94.17% | Precision=93.42% | Recall=90.44% | MAE=2.9323
Model E | Epoch 082/100 | Train Loss=109.2976 | Val Loss=18.8226 | Acc=93.63% | Precision=93.99% | Recall=88.24% | MAE=2.6412
Model E | Epoch 083/100 | Train Loss=106.3856 | Val Loss=19.9903 | Acc=94.35% | Precision=94.34% | Recall=89.95% | MAE=2.8889
Model E | Epoch 084/100 | Train Loss=107.6839 | Val Loss=19.5076 | Acc=93.90% | Precision=95.70% | Recall=87.25% | MAE=2.8474
Model E | Epoch 085/100 | Train Loss=106.7384 | Val Loss=23.2569 | Acc=93.45% | Precision=93.06% | Recall=88.73% | MAE=3.2140
Model E | Epoch 086/100 | Train Loss=107.1456 | Val Loss=26.5219 | Acc=95.07% | Precision=93.37% | Recall=93.14% | MAE=4.1081
Model E | Epoch 087/100 | Train Loss=109.3025 | Val Loss=37.9610 | Acc=93.18% | Precision=87.39% | Recall=95.10% | MAE=5.7313
Model E | Epoch 088/100 | Train Loss=106.4228 | Val Loss=33.2638 | Acc=95.25% | Precision=94.26% | Recall=92.65% | MAE=4.8222
Model E | Epoch 089/100 | Train Loss=108.0414 | Val Loss=23.2896 | Acc=94.62% | Precision=95.31% | Recall=89.71% | MAE=3.1308
Model E | Epoch 090/100 | Train Loss=106.9355 | Val Loss=26.2466 | Acc=94.89% | Precision=93.12% | Recall=92.89% | MAE=3.8957
Model E | Epoch 091/100 | Train Loss=108.2037 | Val Loss=20.8035 | Acc=94.71% | Precision=96.29% | Recall=88.97% | MAE=3.0073
Model E | Epoch 092/100 | Train Loss=110.4309 | Val Loss=27.0299 | Acc=94.53% | Precision=93.05% | Recall=91.91% | MAE=3.7467
Model E | Epoch 093/100 | Train Loss=109.3790 | Val Loss=26.8041 | Acc=94.17% | Precision=95.01% | Recall=88.73% | MAE=3.6648
Model E | Epoch 094/100 | Train Loss=109.1093 | Val Loss=26.3674 | Acc=93.27% | Precision=89.74% | Recall=92.16% | MAE=3.7990
Model E | Epoch 095/100 | Train Loss=109.2000 | Val Loss=24.4621 | Acc=92.38% | Precision=95.75% | Recall=82.84% | MAE=3.3738
Model E | Epoch 096/100 | Train Loss=108.9200 | Val Loss=21.4791 | Acc=93.90% | Precision=94.27% | Recall=88.73% | MAE=3.2112
Model E | Epoch 097/100 | Train Loss=110.1081 | Val Loss=21.8626 | Acc=92.74% | Precision=87.24% | Recall=93.87% | MAE=3.3137
Model E | Epoch 098/100 | Train Loss=108.4092 | Val Loss=20.6110 | Acc=94.35% | Precision=95.04% | Recall=89.22% | MAE=2.8283
Model E | Epoch 099/100 | Train Loss=105.7742 | Val Loss=18.3153 | Acc=94.98% | Precision=93.14% | Recall=93.14% | MAE=2.5744
Model E | Epoch 100/100 | Train Loss=107.1185 | Val Loss=23.2583 | Acc=94.80% | Precision=93.32% | Recall=92.40% | MAE=3.4667
----------------------------------------------------------------------------------------
Model E best checkpoint
  Accuracy             : 94.98%
  Precision            : 93.14%
  Recall               : 93.14%
  MAE                  : 2.5744
  Checkpoint           : Model_E_best.pth
Saved Model_E_best.pth

========================================================================================
Training Model F
========================================================================================
Model F | Epoch 001/100 | Train Loss=1320.2965 | Val Loss=874.4665 | Acc=38.21% | Precision=37.19% | Recall=100.00% | MAE=130.1688
Model F | Epoch 002/100 | Train Loss=398.2275 | Val Loss=265.6549 | Acc=65.20% | Precision=53.50% | Recall=37.50% | MAE=39.1261
Model F | Epoch 003/100 | Train Loss=150.4843 | Val Loss=212.1661 | Acc=71.57% | Precision=89.57% | Recall=25.25% | MAE=31.5041
Model F | Epoch 004/100 | Train Loss=137.8990 | Val Loss=66.9191 | Acc=77.13% | Precision=65.58% | Recall=78.92% | MAE=9.9979
Model F | Epoch 005/100 | Train Loss=131.5872 | Val Loss=61.9634 | Acc=76.95% | Precision=70.57% | Recall=63.48% | MAE=9.2466
Model F | Epoch 006/100 | Train Loss=125.6896 | Val Loss=56.4980 | Acc=79.73% | Precision=70.97% | Recall=75.49% | MAE=8.4553
Model F | Epoch 007/100 | Train Loss=120.9267 | Val Loss=38.4544 | Acc=78.92% | Precision=71.79% | Recall=69.85% | MAE=5.6164
Model F | Epoch 008/100 | Train Loss=118.7841 | Val Loss=45.7023 | Acc=76.95% | Precision=65.50% | Recall=78.19% | MAE=6.4687
Model F | Epoch 009/100 | Train Loss=116.0927 | Val Loss=43.5480 | Acc=78.48% | Precision=68.50% | Recall=76.23% | MAE=6.9532
Model F | Epoch 010/100 | Train Loss=111.7375 | Val Loss=32.7341 | Acc=75.78% | Precision=62.87% | Recall=82.60% | MAE=4.9106
Model F | Epoch 011/100 | Train Loss=112.9803 | Val Loss=47.1830 | Acc=81.97% | Precision=74.94% | Recall=76.23% | MAE=7.0760
Model F | Epoch 012/100 | Train Loss=116.2119 | Val Loss=34.7188 | Acc=79.46% | Precision=69.41% | Recall=78.43% | MAE=4.8668
Model F | Epoch 013/100 | Train Loss=110.1510 | Val Loss=45.3989 | Acc=83.59% | Precision=78.34% | Recall=76.23% | MAE=6.7337
Model F | Epoch 014/100 | Train Loss=111.7078 | Val Loss=35.8712 | Acc=81.79% | Precision=74.82% | Recall=75.74% | MAE=5.5443
Model F | Epoch 015/100 | Train Loss=108.8909 | Val Loss=28.7989 | Acc=81.97% | Precision=89.96% | Recall=57.11% | MAE=4.3657
Model F | Epoch 016/100 | Train Loss=111.3794 | Val Loss=26.5232 | Acc=83.50% | Precision=80.11% | Recall=73.04% | MAE=3.9562
Model F | Epoch 017/100 | Train Loss=108.5830 | Val Loss=33.0155 | Acc=83.50% | Precision=77.59% | Recall=77.21% | MAE=4.9112
Model F | Epoch 018/100 | Train Loss=109.5997 | Val Loss=26.1364 | Acc=74.08% | Precision=59.80% | Recall=88.97% | MAE=3.7954
Model F | Epoch 019/100 | Train Loss=106.5410 | Val Loss=29.6734 | Acc=83.68% | Precision=79.43% | Recall=74.75% | MAE=4.1652
Model F | Epoch 020/100 | Train Loss=110.2204 | Val Loss=28.5966 | Acc=83.86% | Precision=78.93% | Recall=76.23% | MAE=4.3159
Model F | Epoch 021/100 | Train Loss=108.5777 | Val Loss=28.8331 | Acc=85.83% | Precision=81.73% | Recall=78.92% | MAE=4.5876
Model F | Epoch 022/100 | Train Loss=111.0103 | Val Loss=25.3817 | Acc=85.29% | Precision=80.05% | Recall=79.66% | MAE=3.9686
Model F | Epoch 023/100 | Train Loss=112.6035 | Val Loss=25.5613 | Acc=78.21% | Precision=64.81% | Recall=88.48% | MAE=3.4934
Model F | Epoch 024/100 | Train Loss=108.6814 | Val Loss=29.0639 | Acc=84.75% | Precision=87.90% | Recall=67.65% | MAE=4.2509
Model F | Epoch 025/100 | Train Loss=107.8230 | Val Loss=31.2102 | Acc=82.33% | Precision=72.59% | Recall=83.09% | MAE=4.6597
Model F | Epoch 026/100 | Train Loss=109.2853 | Val Loss=28.2180 | Acc=86.73% | Precision=82.50% | Recall=80.88% | MAE=3.9445
Model F | Epoch 027/100 | Train Loss=109.1270 | Val Loss=25.5672 | Acc=87.89% | Precision=86.79% | Recall=78.92% | MAE=3.6988
Model F | Epoch 028/100 | Train Loss=107.3620 | Val Loss=34.8376 | Acc=83.32% | Precision=73.82% | Recall=84.31% | MAE=5.0782
Model F | Epoch 029/100 | Train Loss=109.1707 | Val Loss=43.4725 | Acc=85.74% | Precision=86.09% | Recall=72.79% | MAE=6.7665
Model F | Epoch 030/100 | Train Loss=107.4371 | Val Loss=21.0542 | Acc=84.22% | Precision=76.24% | Recall=82.60% | MAE=3.1238
Model F | Epoch 031/100 | Train Loss=110.3849 | Val Loss=21.1999 | Acc=83.14% | Precision=72.82% | Recall=86.03% | MAE=3.1632
Model F | Epoch 032/100 | Train Loss=106.3804 | Val Loss=26.5322 | Acc=87.44% | Precision=91.61% | Recall=72.30% | MAE=3.8374
Model F | Epoch 033/100 | Train Loss=110.7888 | Val Loss=35.4613 | Acc=87.89% | Precision=86.79% | Recall=78.92% | MAE=5.3526
Model F | Epoch 034/100 | Train Loss=106.5804 | Val Loss=40.1611 | Acc=86.19% | Precision=80.09% | Recall=82.84% | MAE=6.1475
Model F | Epoch 035/100 | Train Loss=108.4012 | Val Loss=40.9165 | Acc=87.09% | Precision=82.35% | Recall=82.35% | MAE=6.1421
Model F | Epoch 036/100 | Train Loss=104.9695 | Val Loss=25.9058 | Acc=88.52% | Precision=85.00% | Recall=83.33% | MAE=3.7996
Model F | Epoch 037/100 | Train Loss=106.4388 | Val Loss=26.2284 | Acc=86.91% | Precision=77.52% | Recall=90.44% | MAE=3.9800
Model F | Epoch 038/100 | Train Loss=106.5733 | Val Loss=37.1724 | Acc=88.16% | Precision=93.67% | Recall=72.55% | MAE=5.3348
Model F | Epoch 039/100 | Train Loss=108.3860 | Val Loss=24.7788 | Acc=86.64% | Precision=76.16% | Recall=92.40% | MAE=3.5963
Model F | Epoch 040/100 | Train Loss=105.9905 | Val Loss=20.2222 | Acc=90.67% | Precision=85.51% | Recall=89.71% | MAE=2.9797
Model F | Epoch 041/100 | Train Loss=106.4274 | Val Loss=32.5162 | Acc=90.40% | Precision=92.63% | Recall=80.15% | MAE=4.6797
Model F | Epoch 042/100 | Train Loss=107.3299 | Val Loss=27.9657 | Acc=89.06% | Precision=79.42% | Recall=94.61% | MAE=4.1991
Model F | Epoch 043/100 | Train Loss=105.0345 | Val Loss=36.1379 | Acc=91.75% | Precision=88.73% | Recall=88.73% | MAE=5.3624
Model F | Epoch 044/100 | Train Loss=106.0192 | Val Loss=22.1245 | Acc=90.76% | Precision=89.41% | Recall=84.80% | MAE=3.4046
Model F | Epoch 045/100 | Train Loss=106.8342 | Val Loss=50.6265 | Acc=89.51% | Precision=92.17% | Recall=77.94% | MAE=6.9315
Model F | Epoch 046/100 | Train Loss=108.8560 | Val Loss=32.6537 | Acc=91.03% | Precision=87.20% | Recall=88.48% | MAE=4.9520
Model F | Epoch 047/100 | Train Loss=107.2947 | Val Loss=23.2263 | Acc=89.69% | Precision=79.72% | Recall=96.32% | MAE=3.5048
Model F | Epoch 048/100 | Train Loss=107.0199 | Val Loss=21.9163 | Acc=91.93% | Precision=88.04% | Recall=90.20% | MAE=3.2487
Model F | Epoch 049/100 | Train Loss=106.5086 | Val Loss=20.9898 | Acc=91.66% | Precision=85.55% | Recall=92.89% | MAE=3.1769
Model F | Epoch 050/100 | Train Loss=106.3213 | Val Loss=23.3477 | Acc=91.84% | Precision=89.53% | Recall=87.99% | MAE=3.4377
Model F | Epoch 051/100 | Train Loss=106.7114 | Val Loss=20.3293 | Acc=90.76% | Precision=84.90% | Recall=90.93% | MAE=3.0242
Model F | Epoch 052/100 | Train Loss=104.8403 | Val Loss=31.6166 | Acc=93.18% | Precision=90.49% | Recall=90.93% | MAE=4.8400
Model F | Epoch 053/100 | Train Loss=105.7650 | Val Loss=23.1737 | Acc=93.45% | Precision=92.62% | Recall=89.22% | MAE=3.2907
Model F | Epoch 054/100 | Train Loss=107.1465 | Val Loss=27.8121 | Acc=92.91% | Precision=89.45% | Recall=91.42% | MAE=3.7372
Model F | Epoch 055/100 | Train Loss=106.2598 | Val Loss=24.4977 | Acc=92.20% | Precision=91.69% | Recall=86.52% | MAE=3.4587
Model F | Epoch 056/100 | Train Loss=109.7085 | Val Loss=34.9679 | Acc=91.03% | Precision=91.18% | Recall=83.58% | MAE=5.2518
Model F | Epoch 057/100 | Train Loss=106.6568 | Val Loss=20.3446 | Acc=92.91% | Precision=91.23% | Recall=89.22% | MAE=3.0163
Model F | Epoch 058/100 | Train Loss=105.3181 | Val Loss=21.1598 | Acc=92.56% | Precision=85.71% | Recall=95.59% | MAE=3.2083
Model F | Epoch 059/100 | Train Loss=108.5360 | Val Loss=24.0145 | Acc=93.63% | Precision=92.66% | Recall=89.71% | MAE=3.4858
Model F | Epoch 060/100 | Train Loss=106.3164 | Val Loss=19.8047 | Acc=93.81% | Precision=93.57% | Recall=89.22% | MAE=2.8880
Model F | Epoch 061/100 | Train Loss=108.0813 | Val Loss=26.8371 | Acc=93.81% | Precision=92.70% | Recall=90.20% | MAE=4.0129
Model F | Epoch 062/100 | Train Loss=106.8418 | Val Loss=23.0649 | Acc=94.44% | Precision=93.91% | Recall=90.69% | MAE=3.6947
Model F | Epoch 063/100 | Train Loss=107.4230 | Val Loss=21.1849 | Acc=93.81% | Precision=89.70% | Recall=93.87% | MAE=3.2276
Model F | Epoch 064/100 | Train Loss=107.1198 | Val Loss=28.3813 | Acc=93.54% | Precision=88.36% | Recall=94.85% | MAE=4.1870
Model F | Epoch 065/100 | Train Loss=103.5648 | Val Loss=47.4230 | Acc=94.26% | Precision=90.95% | Recall=93.63% | MAE=7.0397
Model F | Epoch 066/100 | Train Loss=104.8238 | Val Loss=22.7633 | Acc=94.17% | Precision=91.13% | Recall=93.14% | MAE=3.4023
Model F | Epoch 067/100 | Train Loss=104.7086 | Val Loss=27.1358 | Acc=94.80% | Precision=93.53% | Recall=92.16% | MAE=3.9573
Model F | Epoch 068/100 | Train Loss=105.3449 | Val Loss=22.8041 | Acc=92.20% | Precision=84.37% | Recall=96.57% | MAE=3.2975
Model F | Epoch 069/100 | Train Loss=105.9083 | Val Loss=31.2552 | Acc=93.81% | Precision=88.26% | Recall=95.83% | MAE=4.7360
Model F | Epoch 070/100 | Train Loss=107.9695 | Val Loss=22.4365 | Acc=94.98% | Precision=93.35% | Recall=92.89% | MAE=3.3995
Model F | Epoch 071/100 | Train Loss=107.4937 | Val Loss=22.1414 | Acc=94.62% | Precision=93.07% | Recall=92.16% | MAE=3.5944
Model F | Epoch 072/100 | Train Loss=106.0267 | Val Loss=22.7979 | Acc=95.07% | Precision=93.15% | Recall=93.38% | MAE=3.4501
Model F | Epoch 073/100 | Train Loss=109.3150 | Val Loss=19.3712 | Acc=93.54% | Precision=87.84% | Recall=95.59% | MAE=2.8443
Model F | Epoch 074/100 | Train Loss=108.0003 | Val Loss=25.3549 | Acc=94.35% | Precision=93.45% | Recall=90.93% | MAE=3.8790
Model F | Epoch 075/100 | Train Loss=107.1387 | Val Loss=21.6086 | Acc=94.35% | Precision=90.97% | Recall=93.87% | MAE=3.2881
Model F | Epoch 076/100 | Train Loss=106.2101 | Val Loss=23.9481 | Acc=95.61% | Precision=92.84% | Recall=95.34% | MAE=3.6555
Model F | Epoch 077/100 | Train Loss=103.9002 | Val Loss=20.5284 | Acc=93.45% | Precision=97.18% | Recall=84.56% | MAE=3.0871
Model F | Epoch 078/100 | Train Loss=106.5446 | Val Loss=18.2431 | Acc=94.98% | Precision=96.07% | Recall=89.95% | MAE=2.8160
Model F | Epoch 079/100 | Train Loss=104.8560 | Val Loss=20.2356 | Acc=95.61% | Precision=94.76% | Recall=93.14% | MAE=2.9234
Model F | Epoch 080/100 | Train Loss=104.0802 | Val Loss=34.5402 | Acc=95.52% | Precision=93.87% | Recall=93.87% | MAE=4.9980
Model F | Epoch 081/100 | Train Loss=105.0421 | Val Loss=17.8040 | Acc=94.98% | Precision=94.90% | Recall=91.18% | MAE=2.7075
Model F | Epoch 082/100 | Train Loss=105.3157 | Val Loss=30.9511 | Acc=94.53% | Precision=90.82% | Recall=94.61% | MAE=4.7079
Model F | Epoch 083/100 | Train Loss=108.4951 | Val Loss=21.4731 | Acc=95.16% | Precision=92.75% | Recall=94.12% | MAE=3.2800
Model F | Epoch 084/100 | Train Loss=104.5864 | Val Loss=32.7598 | Acc=94.89% | Precision=95.12% | Recall=90.69% | MAE=5.0850
Model F | Epoch 085/100 | Train Loss=103.4744 | Val Loss=18.8748 | Acc=95.61% | Precision=94.32% | Recall=93.63% | MAE=2.7064
Model F | Epoch 086/100 | Train Loss=105.8713 | Val Loss=20.3335 | Acc=96.05% | Precision=94.61% | Recall=94.61% | MAE=2.7829
Model F | Epoch 087/100 | Train Loss=106.1648 | Val Loss=17.3703 | Acc=92.83% | Precision=86.28% | Recall=95.59% | MAE=2.5493
Model F | Epoch 088/100 | Train Loss=105.7367 | Val Loss=23.7351 | Acc=94.89% | Precision=91.29% | Recall=95.10% | MAE=3.5841
Model F | Epoch 089/100 | Train Loss=105.2375 | Val Loss=18.5687 | Acc=95.16% | Precision=94.70% | Recall=91.91% | MAE=2.7123
Model F | Epoch 090/100 | Train Loss=105.4755 | Val Loss=47.8021 | Acc=94.17% | Precision=89.07% | Recall=95.83% | MAE=6.9803
Model F | Epoch 091/100 | Train Loss=106.2584 | Val Loss=16.5601 | Acc=95.07% | Precision=94.01% | Recall=92.40% | MAE=2.6066
Model F | Epoch 092/100 | Train Loss=106.0836 | Val Loss=18.5449 | Acc=95.07% | Precision=94.01% | Recall=92.40% | MAE=2.6989
Model F | Epoch 093/100 | Train Loss=105.8064 | Val Loss=44.8056 | Acc=95.52% | Precision=95.20% | Recall=92.40% | MAE=6.6631
Model F | Epoch 094/100 | Train Loss=106.8283 | Val Loss=37.5595 | Acc=95.52% | Precision=92.42% | Recall=95.59% | MAE=5.4597
Model F | Epoch 095/100 | Train Loss=106.3090 | Val Loss=19.2273 | Acc=95.34% | Precision=96.11% | Recall=90.93% | MAE=2.7557
Model F | Epoch 096/100 | Train Loss=105.0712 | Val Loss=17.1366 | Acc=95.70% | Precision=94.78% | Recall=93.38% | MAE=2.5425
Model F | Epoch 097/100 | Train Loss=104.7302 | Val Loss=22.2008 | Acc=92.38% | Precision=84.43% | Recall=97.06% | MAE=3.3356
Model F | Epoch 098/100 | Train Loss=103.8475 | Val Loss=24.4777 | Acc=95.70% | Precision=95.92% | Recall=92.16% | MAE=3.4511
Model F | Epoch 099/100 | Train Loss=103.6112 | Val Loss=23.6851 | Acc=94.89% | Precision=96.06% | Recall=89.71% | MAE=3.5054
Model F | Epoch 100/100 | Train Loss=105.5327 | Val Loss=18.0779 | Acc=95.07% | Precision=90.57% | Recall=96.57% | MAE=2.6501
----------------------------------------------------------------------------------------
Model F best checkpoint
  Accuracy             : 95.70%
  Precision            : 94.78%
  Recall               : 93.38%
  MAE                  : 2.5425
  Checkpoint           : Model_F_best.pth
Saved Model_F_best.pth

========================================================================================
Training Model G
========================================================================================
Model G | Epoch 001/100 | Train Loss=1345.4434 | Val Loss=901.0428 | Acc=42.06% | Precision=38.69% | Recall=99.75% | MAE=134.1876
Model G | Epoch 002/100 | Train Loss=558.4961 | Val Loss=190.9653 | Acc=73.99% | Precision=66.86% | Recall=57.35% | MAE=27.7021
Model G | Epoch 003/100 | Train Loss=160.5778 | Val Loss=102.6053 | Acc=77.67% | Precision=91.62% | Recall=42.89% | MAE=15.0197
Model G | Epoch 004/100 | Train Loss=148.9143 | Val Loss=115.5340 | Acc=83.86% | Precision=86.31% | Recall=66.42% | MAE=17.3173
Model G | Epoch 005/100 | Train Loss=130.5371 | Val Loss=46.6758 | Acc=85.74% | Precision=83.02% | Recall=76.72% | MAE=6.7947
Model G | Epoch 006/100 | Train Loss=128.8129 | Val Loss=49.1670 | Acc=85.29% | Precision=78.77% | Recall=81.86% | MAE=7.1821
Model G | Epoch 007/100 | Train Loss=124.9255 | Val Loss=40.8421 | Acc=86.01% | Precision=88.89% | Recall=70.59% | MAE=6.4063
Model G | Epoch 008/100 | Train Loss=122.8101 | Val Loss=33.8093 | Acc=86.46% | Precision=83.03% | Recall=79.17% | MAE=4.9935
Model G | Epoch 009/100 | Train Loss=122.9627 | Val Loss=49.8007 | Acc=86.28% | Precision=88.06% | Recall=72.30% | MAE=7.5082
Model G | Epoch 010/100 | Train Loss=119.8090 | Val Loss=36.8375 | Acc=85.20% | Precision=77.68% | Recall=83.58% | MAE=5.3789
Model G | Epoch 011/100 | Train Loss=117.3559 | Val Loss=36.2817 | Acc=87.80% | Precision=87.99% | Recall=77.21% | MAE=5.1906
Model G | Epoch 012/100 | Train Loss=116.0694 | Val Loss=31.8848 | Acc=86.82% | Precision=82.06% | Recall=81.86% | MAE=4.6818
Model G | Epoch 013/100 | Train Loss=114.8530 | Val Loss=35.5743 | Acc=86.37% | Precision=92.38% | Recall=68.38% | MAE=4.9931
Model G | Epoch 014/100 | Train Loss=114.5296 | Val Loss=29.0555 | Acc=87.09% | Precision=84.74% | Recall=78.92% | MAE=4.2652
Model G | Epoch 015/100 | Train Loss=115.1901 | Val Loss=40.5786 | Acc=86.28% | Precision=91.00% | Recall=69.36% | MAE=6.1176
Model G | Epoch 016/100 | Train Loss=113.2444 | Val Loss=48.9472 | Acc=87.53% | Precision=88.99% | Recall=75.25% | MAE=7.7374
Model G | Epoch 017/100 | Train Loss=114.2911 | Val Loss=28.1636 | Acc=86.73% | Precision=82.99% | Recall=80.15% | MAE=4.1194
Model G | Epoch 018/100 | Train Loss=115.7773 | Val Loss=28.5552 | Acc=85.20% | Precision=75.91% | Recall=87.25% | MAE=4.0487
Model G | Epoch 019/100 | Train Loss=114.6514 | Val Loss=25.4866 | Acc=88.52% | Precision=88.46% | Recall=78.92% | MAE=3.7255
Model G | Epoch 020/100 | Train Loss=114.6463 | Val Loss=41.3710 | Acc=87.98% | Precision=85.86% | Recall=80.39% | MAE=6.2735
Model G | Epoch 021/100 | Train Loss=113.2916 | Val Loss=37.1240 | Acc=87.89% | Precision=84.21% | Recall=82.35% | MAE=5.5301
Model G | Epoch 022/100 | Train Loss=113.3621 | Val Loss=48.0213 | Acc=88.88% | Precision=86.41% | Recall=82.60% | MAE=7.5394
Model G | Epoch 023/100 | Train Loss=112.7959 | Val Loss=53.8136 | Acc=86.91% | Precision=80.18% | Recall=85.29% | MAE=8.0658
Model G | Epoch 024/100 | Train Loss=114.9849 | Val Loss=70.0868 | Acc=89.24% | Precision=91.86% | Recall=77.45% | MAE=10.4546
Model G | Epoch 025/100 | Train Loss=112.4268 | Val Loss=26.9166 | Acc=88.25% | Precision=84.54% | Recall=83.09% | MAE=4.0483
Model G | Epoch 026/100 | Train Loss=113.4041 | Val Loss=24.4288 | Acc=90.13% | Precision=90.27% | Recall=81.86% | MAE=3.5162
Model G | Epoch 027/100 | Train Loss=111.4719 | Val Loss=36.3371 | Acc=89.51% | Precision=91.45% | Recall=78.68% | MAE=5.4393
Model G | Epoch 028/100 | Train Loss=111.1034 | Val Loss=26.1899 | Acc=90.04% | Precision=88.98% | Recall=83.09% | MAE=3.8661
Model G | Epoch 029/100 | Train Loss=112.8887 | Val Loss=52.5521 | Acc=88.79% | Precision=93.01% | Recall=75.00% | MAE=7.9490
Model G | Epoch 030/100 | Train Loss=110.5922 | Val Loss=25.5828 | Acc=89.69% | Precision=88.25% | Recall=82.84% | MAE=3.7485
Model G | Epoch 031/100 | Train Loss=113.1184 | Val Loss=42.8747 | Acc=89.87% | Precision=86.78% | Recall=85.29% | MAE=6.6504
Model G | Epoch 032/100 | Train Loss=111.0745 | Val Loss=24.7736 | Acc=88.16% | Precision=91.07% | Recall=75.00% | MAE=3.5849
Model G | Epoch 033/100 | Train Loss=111.5051 | Val Loss=23.5969 | Acc=89.60% | Precision=91.95% | Recall=78.43% | MAE=3.5377
Model G | Epoch 034/100 | Train Loss=112.6770 | Val Loss=49.2711 | Acc=91.57% | Precision=87.56% | Recall=89.71% | MAE=7.4014
Model G | Epoch 035/100 | Train Loss=112.4128 | Val Loss=54.3214 | Acc=92.38% | Precision=90.27% | Recall=88.73% | MAE=8.2473
Model G | Epoch 036/100 | Train Loss=113.5061 | Val Loss=24.4132 | Acc=91.93% | Precision=87.68% | Recall=90.69% | MAE=3.5088
Model G | Epoch 037/100 | Train Loss=110.1349 | Val Loss=30.0406 | Acc=92.83% | Precision=92.27% | Recall=87.75% | MAE=4.3649
Model G | Epoch 038/100 | Train Loss=113.2048 | Val Loss=26.3557 | Acc=90.67% | Precision=93.43% | Recall=80.15% | MAE=3.8864
Model G | Epoch 039/100 | Train Loss=112.2715 | Val Loss=34.1601 | Acc=92.38% | Precision=87.13% | Recall=92.89% | MAE=5.1369
Model G | Epoch 040/100 | Train Loss=110.7220 | Val Loss=21.6309 | Acc=93.00% | Precision=91.04% | Recall=89.71% | MAE=3.1583
Model G | Epoch 041/100 | Train Loss=111.6680 | Val Loss=23.2327 | Acc=91.93% | Precision=92.97% | Recall=84.31% | MAE=3.2683
Model G | Epoch 042/100 | Train Loss=111.2680 | Val Loss=33.9469 | Acc=94.53% | Precision=91.41% | Recall=93.87% | MAE=5.2778
Model G | Epoch 043/100 | Train Loss=110.0491 | Val Loss=25.2391 | Acc=93.45% | Precision=93.51% | Recall=88.24% | MAE=3.5306
Model G | Epoch 044/100 | Train Loss=111.8454 | Val Loss=26.8813 | Acc=94.35% | Precision=92.80% | Recall=91.67% | MAE=3.9208
Model G | Epoch 045/100 | Train Loss=109.9986 | Val Loss=31.3850 | Acc=94.71% | Precision=91.85% | Recall=93.87% | MAE=4.6869
Model G | Epoch 046/100 | Train Loss=109.5638 | Val Loss=28.2986 | Acc=95.16% | Precision=93.17% | Recall=93.63% | MAE=4.4814
Model G | Epoch 047/100 | Train Loss=113.0024 | Val Loss=28.5567 | Acc=94.89% | Precision=91.29% | Recall=95.10% | MAE=4.1172
Model G | Epoch 048/100 | Train Loss=112.3378 | Val Loss=23.1319 | Acc=93.63% | Precision=88.38% | Recall=95.10% | MAE=3.2852
Model G | Epoch 049/100 | Train Loss=110.8803 | Val Loss=21.8300 | Acc=92.91% | Precision=86.00% | Recall=96.32% | MAE=3.2774
Model G | Epoch 050/100 | Train Loss=108.3263 | Val Loss=23.0719 | Acc=94.71% | Precision=92.05% | Recall=93.63% | MAE=3.3820
Model G | Epoch 051/100 | Train Loss=112.0835 | Val Loss=35.4952 | Acc=94.44% | Precision=90.80% | Recall=94.36% | MAE=5.3611
Model G | Epoch 052/100 | Train Loss=111.1342 | Val Loss=23.7757 | Acc=94.71% | Precision=90.87% | Recall=95.10% | MAE=3.6142
Model G | Epoch 053/100 | Train Loss=111.3942 | Val Loss=22.2424 | Acc=94.26% | Precision=94.79% | Recall=89.22% | MAE=3.4164
Model G | Epoch 054/100 | Train Loss=111.5421 | Val Loss=20.0646 | Acc=94.62% | Precision=93.07% | Recall=92.16% | MAE=2.9887
Model G | Epoch 055/100 | Train Loss=110.5275 | Val Loss=26.8763 | Acc=95.25% | Precision=93.19% | Recall=93.87% | MAE=3.9351
Model G | Epoch 056/100 | Train Loss=112.3966 | Val Loss=27.4347 | Acc=94.44% | Precision=95.77% | Recall=88.73% | MAE=4.0920
Model G | Epoch 057/100 | Train Loss=109.6009 | Val Loss=20.8004 | Acc=95.16% | Precision=92.55% | Recall=94.36% | MAE=3.0209
Model G | Epoch 058/100 | Train Loss=110.3761 | Val Loss=19.2106 | Acc=95.16% | Precision=91.75% | Recall=95.34% | MAE=2.9602
Model G | Epoch 059/100 | Train Loss=110.7631 | Val Loss=21.4276 | Acc=95.25% | Precision=92.57% | Recall=94.61% | MAE=3.1746
Model G | Epoch 060/100 | Train Loss=110.4458 | Val Loss=29.3887 | Acc=95.43% | Precision=93.86% | Recall=93.63% | MAE=4.3447
Model G | Epoch 061/100 | Train Loss=110.5483 | Val Loss=23.6806 | Acc=94.98% | Precision=94.90% | Recall=91.18% | MAE=3.3992
Model G | Epoch 062/100 | Train Loss=113.4091 | Val Loss=43.4928 | Acc=95.16% | Precision=94.70% | Recall=91.91% | MAE=6.5411
Model G | Epoch 063/100 | Train Loss=112.4921 | Val Loss=24.9210 | Acc=91.39% | Precision=82.91% | Recall=96.32% | MAE=3.7477
Model G | Epoch 064/100 | Train Loss=113.8475 | Val Loss=22.5404 | Acc=93.72% | Precision=87.89% | Recall=96.08% | MAE=3.3427
Model G | Epoch 065/100 | Train Loss=110.0664 | Val Loss=19.2575 | Acc=94.17% | Precision=89.79% | Recall=94.85% | MAE=2.8164
Model G | Epoch 066/100 | Train Loss=109.6197 | Val Loss=31.8623 | Acc=94.89% | Precision=91.10% | Recall=95.34% | MAE=4.7706
Model G | Epoch 067/100 | Train Loss=108.2729 | Val Loss=22.2707 | Acc=95.07% | Precision=94.68% | Recall=91.67% | MAE=3.2556
Model G | Epoch 068/100 | Train Loss=111.6413 | Val Loss=30.9914 | Acc=94.89% | Precision=91.10% | Recall=95.34% | MAE=4.6339
Model G | Epoch 069/100 | Train Loss=108.6594 | Val Loss=37.0432 | Acc=95.25% | Precision=91.57% | Recall=95.83% | MAE=5.6181
Model G | Epoch 070/100 | Train Loss=110.0295 | Val Loss=23.0144 | Acc=95.25% | Precision=94.71% | Recall=92.16% | MAE=3.4799
Model G | Epoch 071/100 | Train Loss=110.8353 | Val Loss=40.8675 | Acc=95.52% | Precision=95.20% | Recall=92.40% | MAE=6.2561
Model G | Epoch 072/100 | Train Loss=110.2832 | Val Loss=21.3828 | Acc=95.78% | Precision=93.92% | Recall=94.61% | MAE=3.0377
Model G | Epoch 073/100 | Train Loss=111.9818 | Val Loss=20.7617 | Acc=95.52% | Precision=92.42% | Recall=95.59% | MAE=3.0468
Model G | Epoch 074/100 | Train Loss=108.3735 | Val Loss=23.8822 | Acc=95.96% | Precision=93.32% | Recall=95.83% | MAE=3.5206
Model G | Epoch 075/100 | Train Loss=114.0356 | Val Loss=38.6530 | Acc=95.61% | Precision=92.24% | Recall=96.08% | MAE=5.7162
Model G | Epoch 076/100 | Train Loss=108.8025 | Val Loss=22.1631 | Acc=95.87% | Precision=93.30% | Recall=95.59% | MAE=3.4275
Model G | Epoch 077/100 | Train Loss=110.5944 | Val Loss=23.3288 | Acc=94.53% | Precision=96.02% | Recall=88.73% | MAE=3.5538
Model G | Epoch 078/100 | Train Loss=110.3821 | Val Loss=24.2748 | Acc=94.98% | Precision=95.36% | Recall=90.69% | MAE=3.5037
Model G | Epoch 079/100 | Train Loss=109.9849 | Val Loss=24.2384 | Acc=95.43% | Precision=94.51% | Recall=92.89% | MAE=3.3311
Model G | Epoch 080/100 | Train Loss=108.6013 | Val Loss=26.1228 | Acc=95.70% | Precision=94.12% | Recall=94.12% | MAE=3.6103
Model G | Epoch 081/100 | Train Loss=110.2119 | Val Loss=22.6258 | Acc=95.61% | Precision=94.10% | Recall=93.87% | MAE=3.2738
Model G | Epoch 082/100 | Train Loss=110.5033 | Val Loss=18.8144 | Acc=95.25% | Precision=91.38% | Recall=96.08% | MAE=2.7444
Model G | Epoch 083/100 | Train Loss=111.4805 | Val Loss=19.6592 | Acc=95.78% | Precision=92.87% | Recall=95.83% | MAE=2.8143
Model G | Epoch 084/100 | Train Loss=108.7360 | Val Loss=25.5691 | Acc=95.96% | Precision=95.26% | Recall=93.63% | MAE=3.9258
Model G | Epoch 085/100 | Train Loss=109.3597 | Val Loss=19.4367 | Acc=96.41% | Precision=94.66% | Recall=95.59% | MAE=3.0925
Model G | Epoch 086/100 | Train Loss=110.9514 | Val Loss=22.5365 | Acc=96.05% | Precision=96.19% | Recall=92.89% | MAE=3.4545
Model G | Epoch 087/100 | Train Loss=111.9248 | Val Loss=24.3402 | Acc=95.16% | Precision=90.60% | Recall=96.81% | MAE=3.5231
Model G | Epoch 088/100 | Train Loss=109.1736 | Val Loss=27.2453 | Acc=95.87% | Precision=92.29% | Recall=96.81% | MAE=4.0101
Model G | Epoch 089/100 | Train Loss=109.4742 | Val Loss=20.2085 | Acc=94.89% | Precision=96.06% | Recall=89.71% | MAE=3.1257
Model G | Epoch 090/100 | Train Loss=109.9246 | Val Loss=26.8413 | Acc=96.50% | Precision=94.24% | Recall=96.32% | MAE=3.8630
Model G | Epoch 091/100 | Train Loss=110.8900 | Val Loss=21.5598 | Acc=96.32% | Precision=94.22% | Recall=95.83% | MAE=3.0883
Model G | Epoch 092/100 | Train Loss=110.5523 | Val Loss=19.0911 | Acc=95.78% | Precision=94.13% | Recall=94.36% | MAE=2.7383
Model G | Epoch 093/100 | Train Loss=111.5150 | Val Loss=33.6542 | Acc=95.25% | Precision=95.17% | Recall=91.67% | MAE=4.9910
Model G | Epoch 094/100 | Train Loss=114.5404 | Val Loss=39.1925 | Acc=95.78% | Precision=95.93% | Recall=92.40% | MAE=5.6741
Model G | Epoch 095/100 | Train Loss=113.5196 | Val Loss=27.0225 | Acc=96.23% | Precision=94.42% | Recall=95.34% | MAE=3.9415
Model G | Epoch 096/100 | Train Loss=111.7860 | Val Loss=21.0830 | Acc=96.32% | Precision=95.53% | Recall=94.36% | MAE=3.1681
Model G | Epoch 097/100 | Train Loss=110.9089 | Val Loss=21.1843 | Acc=94.80% | Precision=89.95% | Recall=96.57% | MAE=3.0265
Model G | Epoch 098/100 | Train Loss=110.4577 | Val Loss=19.3435 | Acc=96.41% | Precision=95.54% | Recall=94.61% | MAE=2.7574
Model G | Epoch 099/100 | Train Loss=111.5194 | Val Loss=20.3681 | Acc=96.05% | Precision=96.67% | Recall=92.40% | MAE=2.9036
Model G | Epoch 100/100 | Train Loss=109.1661 | Val Loss=22.4348 | Acc=95.16% | Precision=90.60% | Recall=96.81% | MAE=3.3550
----------------------------------------------------------------------------------------
Model G best checkpoint
  Accuracy             : 95.78%
  Precision            : 94.13%
  Recall               : 94.36%
  MAE                  : 2.7383
  Checkpoint           : Model_G_best.pth
Saved Model_G_best.pth

========================================================================================
Training Model H
========================================================================================
Model H | Epoch 001/100 | Train Loss=1237.0523 | Val Loss=797.1832 | Acc=40.72% | Precision=38.17% | Recall=100.00% | MAE=118.6361
Model H | Epoch 002/100 | Train Loss=264.3155 | Val Loss=295.9971 | Acc=63.41% | Precision=0.00% | Recall=0.00% | MAE=43.2818
Model H | Epoch 003/100 | Train Loss=147.3812 | Val Loss=134.4026 | Acc=75.87% | Precision=81.17% | Recall=44.36% | MAE=20.0659
Model H | Epoch 004/100 | Train Loss=134.3543 | Val Loss=75.5823 | Acc=80.99% | Precision=91.53% | Recall=52.94% | MAE=11.4837
Model H | Epoch 005/100 | Train Loss=127.7290 | Val Loss=71.0977 | Acc=80.18% | Precision=80.66% | Recall=60.29% | MAE=10.8132
Model H | Epoch 006/100 | Train Loss=121.3051 | Val Loss=65.1974 | Acc=78.74% | Precision=70.70% | Recall=71.57% | MAE=9.8277
Model H | Epoch 007/100 | Train Loss=116.8808 | Val Loss=37.6747 | Acc=84.48% | Precision=85.71% | Recall=69.12% | MAE=5.5935
Model H | Epoch 008/100 | Train Loss=115.3114 | Val Loss=37.2990 | Acc=82.60% | Precision=82.42% | Recall=66.67% | MAE=5.4794
Model H | Epoch 009/100 | Train Loss=113.3992 | Val Loss=45.4215 | Acc=83.32% | Precision=81.53% | Recall=70.34% | MAE=7.0702
Model H | Epoch 010/100 | Train Loss=111.7866 | Val Loss=33.3037 | Acc=85.65% | Precision=80.85% | Recall=79.66% | MAE=4.5497
Model H | Epoch 011/100 | Train Loss=110.6448 | Val Loss=33.8182 | Acc=85.29% | Precision=76.99% | Recall=85.29% | MAE=5.2044
Model H | Epoch 012/100 | Train Loss=113.6097 | Val Loss=45.1750 | Acc=84.66% | Precision=91.58% | Recall=63.97% | MAE=6.8450
Model H | Epoch 013/100 | Train Loss=110.9510 | Val Loss=35.0581 | Acc=86.64% | Precision=88.89% | Recall=72.55% | MAE=5.1687
Model H | Epoch 014/100 | Train Loss=110.3721 | Val Loss=28.9739 | Acc=86.37% | Precision=89.02% | Recall=71.57% | MAE=4.2623
Model H | Epoch 015/100 | Train Loss=110.1683 | Val Loss=27.0912 | Acc=85.65% | Precision=95.93% | Recall=63.48% | MAE=3.8207
Model H | Epoch 016/100 | Train Loss=109.7871 | Val Loss=30.3102 | Acc=87.35% | Precision=86.78% | Recall=77.21% | MAE=4.5603
Model H | Epoch 017/100 | Train Loss=107.5118 | Val Loss=35.3489 | Acc=87.17% | Precision=85.33% | Recall=78.43% | MAE=5.1405
Model H | Epoch 018/100 | Train Loss=110.5381 | Val Loss=30.6873 | Acc=88.16% | Precision=79.49% | Recall=91.18% | MAE=4.3575
Model H | Epoch 019/100 | Train Loss=108.1713 | Val Loss=31.7926 | Acc=88.97% | Precision=86.08% | Recall=83.33% | MAE=4.7052
Model H | Epoch 020/100 | Train Loss=105.8852 | Val Loss=30.0975 | Acc=89.60% | Precision=83.03% | Recall=89.95% | MAE=4.4124
Model H | Epoch 021/100 | Train Loss=109.8799 | Val Loss=29.8877 | Acc=90.13% | Precision=88.01% | Recall=84.56% | MAE=4.5832
Model H | Epoch 022/100 | Train Loss=111.5417 | Val Loss=37.1115 | Acc=89.42% | Precision=90.96% | Recall=78.92% | MAE=5.0633
Model H | Epoch 023/100 | Train Loss=112.9945 | Val Loss=30.7810 | Acc=90.76% | Precision=83.37% | Recall=93.38% | MAE=4.7693
Model H | Epoch 024/100 | Train Loss=111.8126 | Val Loss=50.0874 | Acc=88.07% | Precision=95.38% | Recall=70.83% | MAE=7.5191
Model H | Epoch 025/100 | Train Loss=108.3238 | Val Loss=32.8766 | Acc=91.39% | Precision=86.11% | Recall=91.18% | MAE=5.1771
Model H | Epoch 026/100 | Train Loss=107.4327 | Val Loss=28.7040 | Acc=92.91% | Precision=94.58% | Recall=85.54% | MAE=4.2992
Model H | Epoch 027/100 | Train Loss=108.9242 | Val Loss=36.4456 | Acc=92.56% | Precision=88.97% | Recall=90.93% | MAE=5.6546
Model H | Epoch 028/100 | Train Loss=106.0560 | Val Loss=30.7918 | Acc=90.13% | Precision=95.15% | Recall=76.96% | MAE=4.7005
Model H | Epoch 029/100 | Train Loss=104.6264 | Val Loss=24.4306 | Acc=92.83% | Precision=95.05% | Recall=84.80% | MAE=3.4824
Model H | Epoch 030/100 | Train Loss=104.8572 | Val Loss=23.1484 | Acc=93.54% | Precision=91.38% | Recall=90.93% | MAE=3.3801
Model H | Epoch 031/100 | Train Loss=106.9674 | Val Loss=22.3947 | Acc=93.27% | Precision=87.08% | Recall=95.83% | MAE=3.6046
Model H | Epoch 032/100 | Train Loss=105.8459 | Val Loss=23.0428 | Acc=90.04% | Precision=95.98% | Recall=75.98% | MAE=3.3773
Model H | Epoch 033/100 | Train Loss=108.7801 | Val Loss=23.0297 | Acc=94.62% | Precision=92.44% | Recall=92.89% | MAE=3.2360
Model H | Epoch 034/100 | Train Loss=105.0905 | Val Loss=36.9492 | Acc=94.17% | Precision=89.98% | Recall=94.61% | MAE=5.6427
Model H | Epoch 035/100 | Train Loss=104.4871 | Val Loss=22.0815 | Acc=93.90% | Precision=89.35% | Recall=94.61% | MAE=3.2227
Model H | Epoch 036/100 | Train Loss=105.9989 | Val Loss=22.3512 | Acc=94.62% | Precision=91.23% | Recall=94.36% | MAE=3.3629
Model H | Epoch 037/100 | Train Loss=106.2760 | Val Loss=24.6776 | Acc=93.54% | Precision=94.44% | Recall=87.50% | MAE=3.6387
Model H | Epoch 038/100 | Train Loss=107.5671 | Val Loss=27.0398 | Acc=93.45% | Precision=94.43% | Recall=87.25% | MAE=4.1493
Model H | Epoch 039/100 | Train Loss=106.0769 | Val Loss=32.5312 | Acc=92.83% | Precision=85.34% | Recall=97.06% | MAE=4.9237
Model H | Epoch 040/100 | Train Loss=105.8396 | Val Loss=28.2477 | Acc=94.44% | Precision=92.61% | Recall=92.16% | MAE=4.1394
Model H | Epoch 041/100 | Train Loss=106.6780 | Val Loss=30.6875 | Acc=93.99% | Precision=94.75% | Recall=88.48% | MAE=4.7203
Model H | Epoch 042/100 | Train Loss=108.5148 | Val Loss=45.0314 | Acc=94.62% | Precision=90.09% | Recall=95.83% | MAE=6.7571
Model H | Epoch 043/100 | Train Loss=104.5982 | Val Loss=24.8771 | Acc=94.98% | Precision=93.78% | Recall=92.40% | MAE=3.4809
Model H | Epoch 044/100 | Train Loss=104.3342 | Val Loss=21.7991 | Acc=94.26% | Precision=94.79% | Recall=89.22% | MAE=3.2335
Model H | Epoch 045/100 | Train Loss=104.5648 | Val Loss=30.6818 | Acc=95.34% | Precision=92.18% | Recall=95.34% | MAE=4.3220
Model H | Epoch 046/100 | Train Loss=104.8095 | Val Loss=26.0330 | Acc=95.07% | Precision=93.37% | Recall=93.14% | MAE=3.9371
Model H | Epoch 047/100 | Train Loss=105.1257 | Val Loss=27.3227 | Acc=94.44% | Precision=89.32% | Recall=96.32% | MAE=3.7140
Model H | Epoch 048/100 | Train Loss=106.2603 | Val Loss=25.1259 | Acc=94.89% | Precision=90.16% | Recall=96.57% | MAE=3.8339
Model H | Epoch 049/100 | Train Loss=106.2327 | Val Loss=20.6737 | Acc=95.70% | Precision=93.06% | Recall=95.34% | MAE=3.0702
Model H | Epoch 050/100 | Train Loss=104.6624 | Val Loss=21.1779 | Acc=93.72% | Precision=94.71% | Recall=87.75% | MAE=3.2794
Model H | Epoch 051/100 | Train Loss=106.3315 | Val Loss=23.7183 | Acc=94.62% | Precision=89.37% | Recall=96.81% | MAE=3.4781
Model H | Epoch 052/100 | Train Loss=106.3325 | Val Loss=19.4622 | Acc=95.16% | Precision=93.38% | Recall=93.38% | MAE=2.8281
Model H | Epoch 053/100 | Train Loss=106.2884 | Val Loss=23.6261 | Acc=94.62% | Precision=94.62% | Recall=90.44% | MAE=3.2526
Model H | Epoch 054/100 | Train Loss=104.3934 | Val Loss=22.4586 | Acc=95.78% | Precision=93.70% | Recall=94.85% | MAE=3.2055
Model H | Epoch 055/100 | Train Loss=106.0767 | Val Loss=21.5887 | Acc=95.34% | Precision=94.28% | Recall=92.89% | MAE=3.1646
Model H | Epoch 056/100 | Train Loss=106.1798 | Val Loss=18.6512 | Acc=94.35% | Precision=96.25% | Recall=87.99% | MAE=2.6875
Model H | Epoch 057/100 | Train Loss=104.2173 | Val Loss=20.4186 | Acc=95.52% | Precision=93.24% | Recall=94.61% | MAE=3.0096
Model H | Epoch 058/100 | Train Loss=105.0167 | Val Loss=35.9043 | Acc=95.78% | Precision=92.07% | Recall=96.81% | MAE=5.5630
Model H | Epoch 059/100 | Train Loss=108.1801 | Val Loss=21.6154 | Acc=95.87% | Precision=93.51% | Recall=95.34% | MAE=3.1103
Model H | Epoch 060/100 | Train Loss=109.3849 | Val Loss=25.8576 | Acc=95.61% | Precision=94.54% | Recall=93.38% | MAE=3.6707
Model H | Epoch 061/100 | Train Loss=106.7520 | Val Loss=18.8856 | Acc=94.53% | Precision=89.16% | Recall=96.81% | MAE=2.7905
Model H | Epoch 062/100 | Train Loss=103.5022 | Val Loss=33.3396 | Acc=95.43% | Precision=91.22% | Recall=96.81% | MAE=5.2093
Model H | Epoch 063/100 | Train Loss=105.8825 | Val Loss=27.7481 | Acc=94.08% | Precision=88.00% | Recall=97.06% | MAE=3.9097
Model H | Epoch 064/100 | Train Loss=105.1703 | Val Loss=44.3012 | Acc=93.81% | Precision=87.58% | Recall=96.81% | MAE=6.4124
Model H | Epoch 065/100 | Train Loss=103.8605 | Val Loss=23.1535 | Acc=94.71% | Precision=89.39% | Recall=97.06% | MAE=3.3722
Model H | Epoch 066/100 | Train Loss=102.9490 | Val Loss=23.1496 | Acc=94.98% | Precision=90.00% | Recall=97.06% | MAE=3.4973
Model H | Epoch 067/100 | Train Loss=102.4130 | Val Loss=21.0671 | Acc=95.52% | Precision=94.31% | Recall=93.38% | MAE=3.1736
Model H | Epoch 068/100 | Train Loss=106.3185 | Val Loss=20.7470 | Acc=95.78% | Precision=93.29% | Recall=95.34% | MAE=2.8910
Model H | Epoch 069/100 | Train Loss=105.0973 | Val Loss=34.4806 | Acc=96.05% | Precision=93.75% | Recall=95.59% | MAE=5.0117
Model H | Epoch 070/100 | Train Loss=105.9961 | Val Loss=26.8638 | Acc=95.87% | Precision=95.02% | Recall=93.63% | MAE=3.9390
Model H | Epoch 071/100 | Train Loss=106.9735 | Val Loss=22.7521 | Acc=95.34% | Precision=94.28% | Recall=92.89% | MAE=3.5390
Model H | Epoch 072/100 | Train Loss=104.9638 | Val Loss=25.7463 | Acc=95.52% | Precision=91.44% | Recall=96.81% | MAE=3.7083
Model H | Epoch 073/100 | Train Loss=104.8098 | Val Loss=23.4081 | Acc=95.96% | Precision=92.51% | Recall=96.81% | MAE=3.5783
Model H | Epoch 074/100 | Train Loss=104.4235 | Val Loss=26.3038 | Acc=96.14% | Precision=93.14% | Recall=96.57% | MAE=3.8812
Model H | Epoch 075/100 | Train Loss=106.4521 | Val Loss=20.1545 | Acc=96.23% | Precision=94.20% | Recall=95.59% | MAE=2.9301
Model H | Epoch 076/100 | Train Loss=103.4275 | Val Loss=19.3617 | Acc=95.87% | Precision=94.15% | Recall=94.61% | MAE=2.9327
Model H | Epoch 077/100 | Train Loss=106.1698 | Val Loss=17.8431 | Acc=96.05% | Precision=95.27% | Recall=93.87% | MAE=2.7544
Model H | Epoch 078/100 | Train Loss=106.7995 | Val Loss=16.6286 | Acc=96.05% | Precision=95.50% | Recall=93.63% | MAE=2.5596
Model H | Epoch 079/100 | Train Loss=104.0275 | Val Loss=31.0553 | Acc=96.59% | Precision=94.26% | Recall=96.57% | MAE=4.5080
Model H | Epoch 080/100 | Train Loss=105.0131 | Val Loss=33.8185 | Acc=96.05% | Precision=92.72% | Recall=96.81% | MAE=4.9581
Model H | Epoch 081/100 | Train Loss=105.4117 | Val Loss=19.6946 | Acc=96.32% | Precision=93.79% | Recall=96.32% | MAE=2.8142
Model H | Epoch 082/100 | Train Loss=104.9229 | Val Loss=38.3489 | Acc=94.98% | Precision=89.64% | Recall=97.55% | MAE=5.8299
Model H | Epoch 083/100 | Train Loss=108.3065 | Val Loss=21.8665 | Acc=96.50% | Precision=94.24% | Recall=96.32% | MAE=3.2017
Model H | Epoch 084/100 | Train Loss=104.4468 | Val Loss=24.1744 | Acc=96.23% | Precision=95.07% | Recall=94.61% | MAE=3.6845
Model H | Epoch 085/100 | Train Loss=104.9154 | Val Loss=36.6102 | Acc=96.50% | Precision=95.11% | Recall=95.34% | MAE=5.2286
Model H | Epoch 086/100 | Train Loss=103.9563 | Val Loss=19.4145 | Acc=96.23% | Precision=96.45% | Recall=93.14% | MAE=3.0284
Model H | Epoch 087/100 | Train Loss=105.4866 | Val Loss=19.4144 | Acc=94.62% | Precision=89.01% | Recall=97.30% | MAE=2.9066
Model H | Epoch 088/100 | Train Loss=105.7781 | Val Loss=35.8350 | Acc=95.25% | Precision=90.43% | Recall=97.30% | MAE=5.3879
Model H | Epoch 089/100 | Train Loss=105.9099 | Val Loss=18.0955 | Acc=96.32% | Precision=95.76% | Recall=94.12% | MAE=2.7070
Model H | Epoch 090/100 | Train Loss=105.7429 | Val Loss=24.8186 | Acc=96.23% | Precision=92.96% | Recall=97.06% | MAE=3.6257
Model H | Epoch 091/100 | Train Loss=105.1345 | Val Loss=24.4085 | Acc=96.86% | Precision=95.82% | Recall=95.59% | MAE=3.5955
Model H | Epoch 092/100 | Train Loss=103.8738 | Val Loss=23.0787 | Acc=95.52% | Precision=91.63% | Recall=96.57% | MAE=3.2205
Model H | Epoch 093/100 | Train Loss=104.0342 | Val Loss=25.0825 | Acc=96.50% | Precision=95.33% | Recall=95.10% | MAE=3.6347
Model H | Epoch 094/100 | Train Loss=104.6138 | Val Loss=30.5416 | Acc=96.59% | Precision=94.05% | Recall=96.81% | MAE=4.3949
Model H | Epoch 095/100 | Train Loss=107.2534 | Val Loss=16.6390 | Acc=97.13% | Precision=95.19% | Recall=97.06% | MAE=2.4340
Model H | Epoch 096/100 | Train Loss=103.8270 | Val Loss=16.8723 | Acc=96.59% | Precision=96.48% | Recall=94.12% | MAE=2.4673
Model H | Epoch 097/100 | Train Loss=107.1742 | Val Loss=19.2873 | Acc=95.43% | Precision=90.85% | Recall=97.30% | MAE=2.8834
Model H | Epoch 098/100 | Train Loss=107.6768 | Val Loss=44.7255 | Acc=96.95% | Precision=94.95% | Recall=96.81% | MAE=6.7547
Model H | Epoch 099/100 | Train Loss=105.9698 | Val Loss=31.1449 | Acc=97.04% | Precision=96.07% | Recall=95.83% | MAE=4.4501
Model H | Epoch 100/100 | Train Loss=106.6745 | Val Loss=17.9478 | Acc=97.04% | Precision=96.07% | Recall=95.83% | MAE=2.6900
----------------------------------------------------------------------------------------
Model H best checkpoint
  Accuracy             : 97.13%
  Precision            : 95.19%
  Recall               : 97.06%
  MAE                  : 2.4340
  Checkpoint           : Model_H_best.pth
Saved Model_H_best.pth

==========================================================================================================================
Ablation summary
==========================================================================================================================
Model  Configuration                                                          Recognition accuracy (%)   Precision (%)    Recall (%)      Regression MAE
A      Temporal single-stream baseline (classification + regression)                             90.49           89.12         84.31                2.85
B      Spectral single-stream baseline (classification + regression)                             94.44           95.77         88.73                3.00
C      Dual-stream naive concatenation, classification only                                      97.76           97.52         96.32                   —
D      Dual-stream naive concatenation, regression only                                              —               —             —                2.63
E      Dual-stream naive multi-task integration                                                  94.98           93.14         93.14                2.57
F      Bidirectional fusion only, no TAFR                                                        95.70           94.78         93.38                2.54
G      TAFR only, no bidirectional fusion                                                        95.78           94.13         94.36                2.74
H      Proposed MTL-TLV (bidirectional fusion + TAFR)                                            97.13           95.19         97.06                2.43
==========================================================================================================================

Saved files:
  ablation_A_H_complete_training.log
  Model_A_best.pth
  Model_B_best.pth
  Model_C_best.pth
  Model_D_best.pth
  Model_E_best.pth
  Model_F_best.pth
  Model_G_best.pth
  Model_H_best.pth
  MTL_TLV_confusion_matrix.png
  MTL_TLV_regression_curve.png

====================================================================================================
Run completed successfully: 2026-09-08T16:16:30+08:00
Complete training log: ablation_A_H_complete_training.log
====================================================================================================
